user_name,email,place_name,address,category,type,menu,stars,place_rating,review_text,review_rating,date
User_174,user36@mail.com,Place_163,Street_21,restaurant,restaurant,pizza;pasta;salad,,4,Amazing experience,3,2026-01-30
User_131,user126@mail.com,Place_3,Street_21,hotel,hotel,,4,4,Average,2,2025-11-06
User_63,user11@mail.com,Place_105,Street_5,hotel,hotel,,3,5,Nice service,1,2025-08-04
User_80,user118@mail.com,Place_187,Street_4,restaurant,restaurant,pizza;pasta;salad,,2,Good food,3,2025-11-26
User_113,user3@mail.com,Place_193,Street_40,hotel,hotel,,3,3,Average,5,2025-09-15
User_120,user53@mail.com,Place_170,Street_33,restaurant,restaurant,pizza;pasta;salad,,4,Good food,5,2026-03-06
User_67,user154@mail.com,Place_98,Street_47,restaurant,restaurant,pizza;pasta;salad,,1,Great place,5,2025-11-28
User_169,user114@mail.com,Place_34,Street_27,restaurant,restaurant,pizza;pasta;salad,,1,Good food,5,2025-03-30
User_120,user125@mail.com,Place_195,Street_16,restaurant,restaurant,pizza;pasta;salad,,4,Great place,1,2026-03-07
User_57,user148@mail.com,Place_236,Street_35,restaurant,restaurant,pizza;pasta;salad,,4,Nice service,3,2025-09-13
User_111,user17@mail.com,Place_168,Street_29,hotel,hotel,,3,3,Great place,4,2025-04-01
User_191,user70@mail.com,Place_135,Street_45,restaurant,restaurant,pizza;pasta;salad,,5,Amazing experience,4,2025-05-22
User_110,user12@mail.com,Place_40,Street_15,hotel,hotel,,3,3,Amazing experience,1,2025-07-12
User_125,user151@mail.com,Place_256,Street_16,restaurant,restaurant,pizza;pasta;salad,,5,Amazing experience,2,2026-01-09
User_186,user73@mail.com,Place_1,Street_19,hotel,hotel,,3,2,Nice service,4,2025-09-09
User_19,user191@mail.com,Place_59,Street_38,hotel,hotel,,5,4,Good food,2,2025-10-13
User_171,user173@mail.com,Place_277,Street_49,restaurant,restaurant,pizza;pasta;salad,,3,Nice service,4,2026-02-18
User_159,user84@mail.com,Place_256,Street_40,hotel,hotel,,4,3,Nice service,4,2025-12-27
User_133,user129@mail.com,Place_10,Street_43,restaurant,restaurant,pizza;pasta;salad,,2,Amazing experience,2,2026-03-03
User_125,user49@mail.com,Place_87,Street_27,hotel,hotel,,5,2,Nice service,3,2025-11-02
User_116,user152@mail.com,Place_6,Street_16,hotel,hotel,,5,4,Average,1,2025-04-12
User_193,user56@mail.com,Place_140,Street_37,hotel,hotel,,3,1,Amazing experience,1,2025-12-22
User_26,user101@mail.com,Place_178,Street_15,hotel,hotel,,5,3,Amazing experience,5,2025-06-03
User_104,user154@mail.com,Place_191,Street_6,restaurant,restaurant,pizza;pasta;salad,,4,Great place,2,2025-07-06
User_126,user190@mail.com,Place_117,Street_17,hotel,hotel,,3,1,Great place,5,2025-09-02
User_184,user80@mail.com,Place_241,Street_12,hotel,hotel,,4,5,Great place,2,2025-10-10
User_191,user158@mail.com,Place_199,Street_31,restaurant,restaurant,pizza;pasta;salad,,4,Great place,5,2025-06-23
User_161,user147@mail.com,Place_24,Street_21,restaurant,restaurant,pizza;pasta;salad,,1,Nice service,1,2025-09-07
User_74,user170@mail.com,Place_181,Street_13,restaurant,restaurant,pizza;pasta;salad,,5,Amazing experience,2,2026-01-18
User_35,user162@mail.com,Place_6,Street_11,restaurant,restaurant,pizza;pasta;salad,,4,Good food,3,2026-02-08
User_176,user3@mail.com,Place_22,Street_19,restaurant,restaurant,pizza;pasta;salad,,3,Average,3,2025-03-20
User_179,user98@mail.com,Place_230,Street_22,hotel,hotel,,4,2,Good food,5,2025-11-19
User_12,user182@mail.com,Place_187,Street_24,hotel,hotel,,4,3,Amazing experience,1,2025-11-28
User_59,user86@mail.com,Place_144,Street_9,restaurant,restaurant,pizza;pasta;salad,,5,Good food,5,2025-11-24
User_132,user38@mail.com,Place_26,Street_39,hotel,hotel,,4,1,Great place,3,2025-11-29
User_85,user71@mail.com,Place_180,Street_17,hotel,hotel,,4,1,Great place,5,2025-09-11
User_139,user177@mail.com,Place_162,Street_7,restaurant,restaurant,pizza;pasta;salad,,4,Average,1,2025-11-02
User_72,user7@mail.com,Place_292,Street_19,restaurant,restaurant,pizza;pasta;salad,,5,Amazing experience,1,2026-02-22
User_97,user133@mail.com,Place_162,Street_30,restaurant,restaurant,pizza;pasta;salad,,3,Great place,2,2025-07-05
User_76,user63@mail.com,Place_187,Street_49,restaurant,restaurant,pizza;pasta;salad,,1,Amazing experience,4,2025-03-27
User_162,user140@mail.com,Place_220,Street_23,restaurant,restaurant,pizza;pasta;salad,,4,Amazing experience,4,2025-03-26
User_166,user105@mail.com,Place_63,Street_1,hotel,hotel,,5,4,Good food,5,2025-08-30
User_75,user189@mail.com,Place_196,Street_21,restaurant,restaurant,pizza;pasta;salad,,2,Great place,1,2025-07-20
User_180,user151@mail.com,Place_263,Street_28,hotel,hotel,,3,1,Nice service,2,2025-11-12
User_80,user165@mail.com,Place_16,Street_19,hotel,hotel,,5,5,Good food,1,2025-10-22
User_183,user149@mail.com,Place_294,Street_15,hotel,hotel,,3,5,Great place,5,2025-12-10
User_128,user183@mail.com,Place_220,Street_8,restaurant,restaurant,pizza;pasta;salad,,3,Average,2,2025-09-05
User_115,user51@mail.com,Place_104,Street_6,restaurant,restaurant,pizza;pasta;salad,,1,Good food,1,2025-03-31
User_91,user159@mail.com,Place_105,Street_1,restaurant,restaurant,pizza;pasta;salad,,1,Great place,4,2025-06-11
User_44,user21@mail.com,Place_76,Street_36,hotel,hotel,,3,4,Good food,5,2025-03-25
User_167,user47@mail.com,Place_61,Street_40,restaurant,restaurant,pizza;pasta;salad,,2,Amazing experience,4,2026-01-19
User_39,user133@mail.com,Place_265,Street_28,restaurant,restaurant,pizza;pasta;salad,,4,Amazing experience,4,2025-06-28
User_200,user128@mail.com,Place_41,Street_17,restaurant,restaurant,pizza;pasta;salad,,1,Amazing experience,5,2026-02-12
User_166,user17@mail.com,Place_101,Street_39,hotel,hotel,,4,4,Good food,4,2026-02-04
User_49,user125@mail.com,Place_66,Street_37,hotel,hotel,,3,3,Nice service,1,2025-10-17
User_42,user156@mail.com,Place_230,Street_35,restaurant,restaurant,pizza;pasta;salad,,5,Nice service,3,2025-09-15
User_167,user51@mail.com,Place_257,Street_26,hotel,hotel,,4,2,Average,2,2026-02-25
User_82,user38@mail.com,Place_182,Street_37,restaurant,restaurant,pizza;pasta;salad,,5,Good food,2,2025-12-14
User_44,user154@mail.com,Place_154,Street_22,hotel,hotel,,4,3,Nice service,5,2025-08-06
User_148,user188@mail.com,Place_249,Street_23,restaurant,restaurant,pizza;pasta;salad,,2,Nice service,4,2026-03-08
User_73,user162@mail.com,Place_137,Street_4,hotel,hotel,,5,4,Great place,5,2025-10-12
User_105,user122@mail.com,Place_271,Street_23,restaurant,restaurant,pizza;pasta;salad,,3,Nice service,3,2026-02-05
User_147,user119@mail.com,Place_97,Street_31,hotel,hotel,,4,1,Good food,3,2025-12-29
User_115,user55@mail.com,Place_235,Street_18,restaurant,restaurant,pizza;pasta;salad,,2,Good food,4,2025-03-20
User_35,user71@mail.com,Place_220,Street_31,restaurant,restaurant,pizza;pasta;salad,,2,Good food,3,2025-03-20
User_12,user151@mail.com,Place_87,Street_7,hotel,hotel,,4,1,Nice service,5,2025-12-19
User_161,user66@mail.com,Place_87,Street_38,restaurant,restaurant,pizza;pasta;salad,,3,Average,3,2026-02-11
User_195,user78@mail.com,Place_225,Street_42,restaurant,restaurant,pizza;pasta;salad,,3,Nice service,1,2025-09-09
User_2,user110@mail.com,Place_289,Street_21,restaurant,restaurant,pizza;pasta;salad,,3,Average,4,2025-06-11
User_63,user135@mail.com,Place_15,Street_29,restaurant,restaurant,pizza;pasta;salad,,2,Great place,5,2026-02-26
User_107,user100@mail.com,Place_277,Street_15,hotel,hotel,,4,4,Great place,1,2026-03-04
User_162,user175@mail.com,Place_73,Street_38,hotel,hotel,,3,3,Nice service,3,2026-01-24
User_104,user14@mail.com,Place_82,Street_17,hotel,hotel,,5,3,Amazing experience,1,2025-11-11
User_39,user194@mail.com,Place_52,Street_4,restaurant,restaurant,pizza;pasta;salad,,1,Good food,3,2025-12-12
User_9,user49@mail.com,Place_43,Street_1,restaurant,restaurant,pizza;pasta;salad,,3,Great place,2,2025-07-29
User_11,user12@mail.com,Place_106,Street_46,restaurant,restaurant,pizza;pasta;salad,,4,Great place,5,2025-04-05
User_130,user38@mail.com,Place_21,Street_26,hotel,hotel,,5,3,Amazing experience,3,2025-03-17
User_126,user199@mail.com,Place_259,Street_5,hotel,hotel,,4,3,Average,3,2025-11-05
User_16,user19@mail.com,Place_112,Street_18,restaurant,restaurant,pizza;pasta;salad,,2,Amazing experience,5,2025-05-06
User_36,user64@mail.com,Place_166,Street_3,restaurant,restaurant,pizza;pasta;salad,,2,Amazing experience,5,2025-07-30
User_53,user125@mail.com,Place_158,Street_1,restaurant,restaurant,pizza;pasta;salad,,1,Good food,1,2025-11-02
User_44,user85@mail.com,Place_45,Street_17,hotel,hotel,,4,5,Average,3,2025-12-17
User_40,user196@mail.com,Place_204,Street_5,restaurant,restaurant,pizza;pasta;salad,,3,Great place,3,2025-03-18
User_98,user14@mail.com,Place_37,Street_36,hotel,hotel,,5,2,Average,2,2026-02-24
User_7,user105@mail.com,Place_214,Street_9,restaurant,restaurant,pizza;pasta;salad,,5,Amazing experience,2,2025-10-15
User_40,user18@mail.com,Place_246,Street_10,hotel,hotel,,4,3,Good food,3,2025-04-07
User_39,user148@mail.com,Place_139,Street_5,hotel,hotel,,4,1,Great place,3,2025-11-23
User_161,user133@mail.com,Place_126,Street_47,hotel,hotel,,5,1,Good food,5,2026-01-03
User_123,user33@mail.com,Place_200,Street_27,restaurant,restaurant,pizza;pasta;salad,,4,Great place,4,2026-01-23
User_49,user96@mail.com,Place_125,Street_50,restaurant,restaurant,pizza;pasta;salad,,5,Nice service,5,2025-10-11
User_110,user158@mail.com,Place_295,Street_43,restaurant,restaurant,pizza;pasta;salad,,2,Amazing experience,2,2025-10-01
User_10,user190@mail.com,Place_190,Street_41,hotel,hotel,,4,2,Nice service,3,2025-04-14
User_174,user134@mail.com,Place_274,Street_24,hotel,hotel,,4,5,Great place,5,2025-05-29
User_53,user19@mail.com,Place_67,Street_4,hotel,hotel,,3,3,Great place,5,2025-08-22
User_47,user31@mail.com,Place_63,Street_7,restaurant,restaurant,pizza;pasta;salad,,4,Nice service,1,2025-11-14
User_157,user24@mail.com,Place_224,Street_39,hotel,hotel,,3,4,Average,1,2026-01-31
User_85,user29@mail.com,Place_65,Street_24,restaurant,restaurant,pizza;pasta;salad,,3,Nice service,3,2025-12-24
User_20,user171@mail.com,Place_187,Street_13,restaurant,restaurant,pizza;pasta;salad,,3,Average,5,2025-08-02
User_188,user196@mail.com,Place_43,Street_21,restaurant,restaurant,pizza;pasta;salad,,2,Amazing experience,1,2026-02-13
User_37,user133@mail.com,Place_158,Street_21,restaurant,restaurant,pizza;pasta;salad,,3,Nice service,4,2025-07-10
User_76,user57@mail.com,Place_80,Street_10,restaurant,restaurant,pizza;pasta;salad,,3,Average,5,2026-01-15
User_26,user80@mail.com,Place_295,Street_46,hotel,hotel,,4,1,Average,5,2025-11-07
User_75,user124@mail.com,Place_6,Street_6,hotel,hotel,,5,3,Good food,3,2025-09-29
User_105,user35@mail.com,Place_299,Street_12,restaurant,restaurant,pizza;pasta;salad,,5,Good food,5,2026-02-26
User_184,user87@mail.com,Place_163,Street_3,restaurant,restaurant,pizza;pasta;salad,,2,Average,1,2025-08-22
User_94,user192@mail.com,Place_47,Street_13,hotel,hotel,,5,1,Good food,4,2025-07-22
User_29,user69@mail.com,Place_138,Street_49,restaurant,restaurant,pizza;pasta;salad,,5,Great place,3,2025-08-17
User_104,user5@mail.com,Place_7,Street_39,restaurant,restaurant,pizza;pasta;salad,,1,Amazing experience,1,2025-07-10
User_19,user123@mail.com,Place_26,Street_27,hotel,hotel,,3,1,Amazing experience,5,2025-04-12
User_41,user170@mail.com,Place_153,Street_13,restaurant,restaurant,pizza;pasta;salad,,3,Nice service,4,2025-10-14
User_117,user173@mail.com,Place_268,Street_40,hotel,hotel,,4,1,Great place,1,2025-09-26
User_149,user31@mail.com,Place_65,Street_1,hotel,hotel,,5,3,Nice service,3,2025-09-24
User_139,user189@mail.com,Place_18,Street_31,restaurant,restaurant,pizza;pasta;salad,,4,Average,1,2025-06-04
User_87,user131@mail.com,Place_244,Street_32,restaurant,restaurant,pizza;pasta;salad,,4,Amazing experience,2,2025-06-15
User_28,user160@mail.com,Place_76,Street_27,hotel,hotel,,3,3,Average,5,2025-07-04
User_52,user69@mail.com,Place_197,Street_49,restaurant,restaurant,pizza;pasta;salad,,1,Amazing experience,1,2025-12-16
User_42,user141@mail.com,Place_234,Street_36,restaurant,restaurant,pizza;pasta;salad,,1,Great place,1,2025-10-02
User_105,user115@mail.com,Place_271,Street_29,hotel,hotel,,5,4,Nice service,4,2026-01-13
User_185,user159@mail.com,Place_61,Street_49,hotel,hotel,,5,3,Nice service,4,2025-07-17
User_112,user117@mail.com,Place_84,Street_47,restaurant,restaurant,pizza;pasta;salad,,4,Amazing experience,2,2025-06-18
User_29,user172@mail.com,Place_119,Street_7,hotel,hotel,,5,2,Great place,4,2026-01-31
User_23,user63@mail.com,Place_240,Street_24,restaurant,restaurant,pizza;pasta;salad,,1,Good food,3,2025-08-11
User_80,user82@mail.com,Place_93,Street_37,restaurant,restaurant,pizza;pasta;salad,,3,Good food,3,2025-11-05
User_32,user115@mail.com,Place_234,Street_23,hotel,hotel,,3,1,Average,1,2025-09-30
User_136,user101@mail.com,Place_46,Street_2,hotel,hotel,,4,1,Good food,5,2026-01-12
User_55,user62@mail.com,Place_190,Street_48,restaurant,restaurant,pizza;pasta;salad,,4,Great place,4,2026-02-21
User_107,user66@mail.com,Place_178,Street_32,restaurant,restaurant,pizza;pasta;salad,,1,Nice service,2,2025-06-10
User_61,user60@mail.com,Place_37,Street_18,hotel,hotel,,5,1,Great place,2,2026-01-07
User_197,user86@mail.com,Place_247,Street_39,restaurant,restaurant,pizza;pasta;salad,,1,Average,1,2025-05-26
User_47,user1@mail.com,Place_7,Street_21,hotel,hotel,,4,3,Amazing experience,1,2025-03-23
User_88,user135@mail.com,Place_179,Street_21,hotel,hotel,,5,3,Amazing experience,5,2025-07-10
User_178,user25@mail.com,Place_249,Street_28,restaurant,restaurant,pizza;pasta;salad,,1,Amazing experience,1,2025-05-25
User_150,user181@mail.com,Place_203,Street_16,hotel,hotel,,4,3,Good food,2,2026-01-04
User_33,user41@mail.com,Place_110,Street_13,hotel,hotel,,4,2,Average,3,2025-08-23
User_102,user82@mail.com,Place_176,Street_30,hotel,hotel,,5,2,Average,4,2025-04-29
User_128,user9@mail.com,Place_13,Street_33,restaurant,restaurant,pizza;pasta;salad,,4,Good food,1,2025-10-28
User_18,user197@mail.com,Place_278,Street_35,restaurant,restaurant,pizza;pasta;salad,,2,Great place,5,2025-06-19
User_135,user96@mail.com,Place_70,Street_29,restaurant,restaurant,pizza;pasta;salad,,3,Great place,3,2025-11-08
User_46,user11@mail.com,Place_165,Street_22,hotel,hotel,,3,1,Amazing experience,1,2025-04-05
User_72,user163@mail.com,Place_290,Street_33,restaurant,restaurant,pizza;pasta;salad,,4,Good food,4,2025-11-30
User_68,user136@mail.com,Place_202,Street_39,hotel,hotel,,5,4,Average,4,2025-08-26
User_109,user171@mail.com,Place_49,Street_18,hotel,hotel,,5,5,Good food,2,2025-06-16
User_43,user2@mail.com,Place_170,Street_17,hotel,hotel,,5,1,Great place,1,2025-10-15
User_127,user91@mail.com,Place_114,Street_42,hotel,hotel,,3,5,Amazing experience,2,2025-08-05
User_82,user87@mail.com,Place_142,Street_41,restaurant,restaurant,pizza;pasta;salad,,5,Amazing experience,3,2025-04-25
User_119,user68@mail.com,Place_27,Street_41,restaurant,restaurant,pizza;pasta;salad,,1,Amazing experience,1,2025-09-30
User_86,user107@mail.com,Place_145,Street_47,restaurant,restaurant,pizza;pasta;salad,,3,Nice service,5,2025-06-01
User_97,user80@mail.com,Place_100,Street_35,restaurant,restaurant,pizza;pasta;salad,,4,Amazing experience,4,2025-08-13
User_18,user57@mail.com,Place_37,Street_38,restaurant,restaurant,pizza;pasta;salad,,3,Amazing experience,4,2025-04-17
User_89,user45@mail.com,Place_128,Street_45,hotel,hotel,,5,1,Average,3,2026-01-10
User_83,user120@mail.com,Place_279,Street_44,restaurant,restaurant,pizza;pasta;salad,,5,Great place,2,2025-05-28
User_158,user133@mail.com,Place_201,Street_33,restaurant,restaurant,pizza;pasta;salad,,3,Great place,3,2025-08-18
User_67,user28@mail.com,Place_103,Street_23,restaurant,restaurant,pizza;pasta;salad,,1,Nice service,4,2025-06-22
User_155,user146@mail.com,Place_199,Street_16,restaurant,restaurant,pizza;pasta;salad,,3,Average,3,2025-06-01
User_152,user197@mail.com,Place_172,Street_2,hotel,hotel,,4,2,Great place,2,2025-06-17
User_1,user166@mail.com,Place_269,Street_42,restaurant,restaurant,pizza;pasta;salad,,5,Nice service,1,2026-02-09
User_57,user64@mail.com,Place_137,Street_23,restaurant,restaurant,pizza;pasta;salad,,1,Average,1,2025-03-24
User_46,user117@mail.com,Place_90,Street_34,hotel,hotel,,4,4,Great place,2,2025-05-04
User_14,user56@mail.com,Place_189,Street_7,hotel,hotel,,3,2,Amazing experience,2,2026-01-30
User_125,user88@mail.com,Place_211,Street_44,hotel,hotel,,3,2,Good food,5,2025-04-17
User_160,user131@mail.com,Place_174,Street_41,hotel,hotel,,3,4,Average,4,2025-06-30
User_27,user86@mail.com,Place_71,Street_13,restaurant,restaurant,pizza;pasta;salad,,2,Nice service,1,2026-03-02
User_155,user179@mail.com,Place_143,Street_18,hotel,hotel,,4,5,Amazing experience,1,2025-08-07
User_17,user178@mail.com,Place_116,Street_20,restaurant,restaurant,pizza;pasta;salad,,4,Nice service,3,2025-05-31
User_189,user7@mail.com,Place_167,Street_22,hotel,hotel,,5,4,Amazing experience,1,2025-04-20
User_142,user152@mail.com,Place_189,Street_32,hotel,hotel,,3,3,Great place,5,2025-10-29
User_81,user183@mail.com,Place_264,Street_14,restaurant,restaurant,pizza;pasta;salad,,4,Good food,4,2025-06-04
User_92,user133@mail.com,Place_126,Street_45,restaurant,restaurant,pizza;pasta;salad,,1,Nice service,4,2025-11-18
User_118,user200@mail.com,Place_270,Street_42,restaurant,restaurant,pizza;pasta;salad,,1,Nice service,1,2025-11-12
User_142,user162@mail.com,Place_170,Street_6,restaurant,restaurant,pizza;pasta;salad,,4,Good food,4,2025-10-04
User_127,user39@mail.com,Place_255,Street_5,restaurant,restaurant,pizza;pasta;salad,,2,Good food,3,2025-11-08
User_117,user24@mail.com,Place_93,Street_31,restaurant,restaurant,pizza;pasta;salad,,3,Good food,4,2025-11-06
User_62,user56@mail.com,Place_171,Street_34,hotel,hotel,,3,5,Good food,1,2025-08-20
User_35,user128@mail.com,Place_100,Street_24,restaurant,restaurant,pizza;pasta;salad,,1,Great place,2,2025-07-05
User_160,user81@mail.com,Place_241,Street_34,restaurant,restaurant,pizza;pasta;salad,,3,Great place,5,2025-07-16
User_100,user112@mail.com,Place_104,Street_12,hotel,hotel,,4,2,Average,1,2026-01-30
User_96,user110@mail.com,Place_77,Street_8,hotel,hotel,,3,1,Nice service,1,2025-07-28
User_50,user176@mail.com,Place_69,Street_27,restaurant,restaurant,pizza;pasta;salad,,2,Nice service,3,2025-03-25
User_85,user165@mail.com,Place_257,Street_49,hotel,hotel,,4,5,Good food,4,2025-07-10
User_199,user195@mail.com,Place_183,Street_25,restaurant,restaurant,pizza;pasta;salad,,1,Good food,5,2025-12-21
User_191,user199@mail.com,Place_34,Street_18,hotel,hotel,,3,2,Good food,4,2025-04-21
User_48,user19@mail.com,Place_149,Street_37,restaurant,restaurant,pizza;pasta;salad,,1,Average,1,2025-10-14
User_134,user179@mail.com,Place_208,Street_4,hotel,hotel,,3,5,Average,4,2025-11-21
User_83,user2@mail.com,Place_23,Street_13,restaurant,restaurant,pizza;pasta;salad,,1,Nice service,1,2025-10-08
User_176,user45@mail.com,Place_19,Street_44,restaurant,restaurant,pizza;pasta;salad,,4,Nice service,4,2025-11-27
User_28,user151@mail.com,Place_177,Street_19,restaurant,restaurant,pizza;pasta;salad,,4,Great place,5,2026-02-19
User_96,user80@mail.com,Place_72,Street_35,restaurant,restaurant,pizza;pasta;salad,,2,Amazing experience,3,2026-02-17
User_68,user128@mail.com,Place_197,Street_5,hotel,hotel,,5,3,Amazing experience,5,2026-02-01
User_193,user15@mail.com,Place_30,Street_17,hotel,hotel,,5,2,Amazing experience,4,2025-11-16
User_111,user94@mail.com,Place_260,Street_6,restaurant,restaurant,pizza;pasta;salad,,1,Good food,3,2025-10-24
User_172,user53@mail.com,Place_208,Street_39,hotel,hotel,,3,1,Nice service,3,2025-10-04
User_176,user197@mail.com,Place_256,Street_45,restaurant,restaurant,pizza;pasta;salad,,2,Nice service,4,2025-07-04
User_66,user100@mail.com,Place_260,Street_14,hotel,hotel,,3,5,Average,1,2025-09-17
User_27,user56@mail.com,Place_27,Street_42,hotel,hotel,,5,4,Great place,1,2025-06-15
User_99,user15@mail.com,Place_132,Street_36,restaurant,restaurant,pizza;pasta;salad,,3,Good food,2,2025-09-07
User_20,user159@mail.com,Place_128,Street_13,restaurant,restaurant,pizza;pasta;salad,,2,Great place,4,2025-04-17
User_187,user173@mail.com,Place_6,Street_28,restaurant,restaurant,pizza;pasta;salad,,3,Amazing experience,5,2026-01-28
User_100,user171@mail.com,Place_88,Street_33,restaurant,restaurant,pizza;pasta;salad,,2,Good food,3,2025-09-21
User_54,user67@mail.com,Place_142,Street_8,restaurant,restaurant,pizza;pasta;salad,,2,Amazing experience,2,2025-07-04
User_197,user80@mail.com,Place_34,Street_23,hotel,hotel,,3,1,Average,3,2025-11-22
User_38,user29@mail.com,Place_3,Street_26,restaurant,restaurant,pizza;pasta;salad,,2,Good food,3,2025-12-18
User_48,user152@mail.com,Place_110,Street_43,hotel,hotel,,3,3,Nice service,5,2025-05-17
User_197,user187@mail.com,Place_139,Street_39,hotel,hotel,,5,5,Nice service,2,2025-07-06
User_58,user168@mail.com,Place_29,Street_24,hotel,hotel,,4,5,Average,4,2025-05-26
User_47,user21@mail.com,Place_276,Street_50,hotel,hotel,,3,1,Great place,5,2025-05-23
User_171,user158@mail.com,Place_93,Street_7,hotel,hotel,,5,5,Nice service,1,2025-07-25
User_87,user146@mail.com,Place_67,Street_19,hotel,hotel,,3,3,Good food,3,2025-12-17
User_37,user170@mail.com,Place_58,Street_25,hotel,hotel,,4,3,Amazing experience,5,2025-03-24
User_136,user190@mail.com,Place_95,Street_33,restaurant,restaurant,pizza;pasta;salad,,3,Amazing experience,1,2025-11-10
User_137,user137@mail.com,Place_51,Street_18,hotel,hotel,,4,4,Good food,2,2025-07-27
User_121,user62@mail.com,Place_295,Street_19,hotel,hotel,,4,5,Amazing experience,2,2025-09-15
User_13,user13@mail.com,Place_171,Street_12,hotel,hotel,,3,4,Good food,4,2025-04-29
User_108,user29@mail.com,Place_235,Street_9,restaurant,restaurant,pizza;pasta;salad,,1,Great place,2,2025-10-17
User_135,user122@mail.com,Place_298,Street_27,restaurant,restaurant,pizza;pasta;salad,,5,Great place,1,2025-09-11
User_150,user115@mail.com,Place_251,Street_12,hotel,hotel,,4,4,Good food,2,2025-11-08
User_76,user145@mail.com,Place_2,Street_21,hotel,hotel,,4,4,Average,3,2025-05-02
User_164,user141@mail.com,Place_212,Street_15,restaurant,restaurant,pizza;pasta;salad,,4,Average,3,2025-04-04
User_57,user46@mail.com,Place_83,Street_48,hotel,hotel,,4,5,Amazing experience,5,2026-03-07
User_149,user151@mail.com,Place_270,Street_34,hotel,hotel,,4,3,Great place,4,2026-02-21
User_78,user58@mail.com,Place_179,Street_24,hotel,hotel,,5,1,Amazing experience,3,2026-02-10
User_145,user24@mail.com,Place_38,Street_40,hotel,hotel,,5,3,Great place,3,2025-07-21
User_131,user141@mail.com,Place_1,Street_40,restaurant,restaurant,pizza;pasta;salad,,4,Nice service,5,2025-05-03
User_76,user95@mail.com,Place_263,Street_14,hotel,hotel,,5,2,Nice service,1,2025-10-06
User_80,user38@mail.com,Place_13,Street_31,hotel,hotel,,3,1,Good food,5,2026-03-16
User_34,user16@mail.com,Place_27,Street_44,restaurant,restaurant,pizza;pasta;salad,,3,Average,1,2025-11-16
User_53,user132@mail.com,Place_108,Street_36,restaurant,restaurant,pizza;pasta;salad,,4,Average,1,2025-05-30
User_137,user79@mail.com,Place_170,Street_10,hotel,hotel,,4,2,Nice service,5,2026-02-23
User_81,user113@mail.com,Place_104,Street_5,restaurant,restaurant,pizza;pasta;salad,,2,Nice service,3,2025-09-02
User_51,user4@mail.com,Place_142,Street_2,hotel,hotel,,4,1,Nice service,3,2025-07-24
User_166,user26@mail.com,Place_105,Street_8,restaurant,restaurant,pizza;pasta;salad,,1,Nice service,5,2025-12-30
User_196,user87@mail.com,Place_300,Street_43,restaurant,restaurant,pizza;pasta;salad,,2,Average,5,2025-09-19
User_88,user16@mail.com,Place_122,Street_36,hotel,hotel,,4,1,Nice service,4,2026-01-01
User_112,user1@mail.com,Place_136,Street_15,hotel,hotel,,5,3,Average,4,2026-01-07
User_193,user45@mail.com,Place_21,Street_8,restaurant,restaurant,pizza;pasta;salad,,5,Amazing experience,2,2025-09-18
User_175,user164@mail.com,Place_241,Street_21,restaurant,restaurant,pizza;pasta;salad,,4,Good food,1,2026-02-26
User_78,user152@mail.com,Place_267,Street_45,hotel,hotel,,4,3,Good food,4,2025-10-07
User_198,user70@mail.com,Place_65,Street_5,hotel,hotel,,4,1,Average,4,2025-09-18
User_110,user199@mail.com,Place_23,Street_4,hotel,hotel,,3,3,Good food,4,2025-05-15
User_119,user190@mail.com,Place_32,Street_5,restaurant,restaurant,pizza;pasta;salad,,3,Average,1,2025-05-22
User_112,user195@mail.com,Place_57,Street_14,hotel,hotel,,3,3,Good food,4,2025-07-31
User_186,user9@mail.com,Place_214,Street_34,restaurant,restaurant,pizza;pasta;salad,,3,Average,2,2025-12-25
User_180,user108@mail.com,Place_77,Street_4,restaurant,restaurant,pizza;pasta;salad,,4,Nice service,4,2026-03-01
User_94,user168@mail.com,Place_238,Street_45,restaurant,restaurant,pizza;pasta;salad,,3,Nice service,4,2025-07-12
User_200,user60@mail.com,Place_287,Street_30,restaurant,restaurant,pizza;pasta;salad,,4,Good food,4,2025-06-06
User_162,user9@mail.com,Place_88,Street_43,restaurant,restaurant,pizza;pasta;salad,,3,Good food,2,2025-12-21
User_198,user146@mail.com,Place_230,Street_49,restaurant,restaurant,pizza;pasta;salad,,4,Nice service,4,2025-04-11
User_59,user4@mail.com,Place_91,Street_39,restaurant,restaurant,pizza;pasta;salad,,1,Good food,2,2025-05-28
User_180,user193@mail.com,Place_285,Street_30,hotel,hotel,,4,3,Average,3,2025-10-20
User_192,user123@mail.com,Place_200,Street_31,hotel,hotel,,4,5,Amazing experience,5,2026-01-03
User_98,user164@mail.com,Place_120,Street_16,hotel,hotel,,4,1,Average,1,2025-05-23
User_41,user90@mail.com,Place_83,Street_1,hotel,hotel,,5,3,Average,2,2025-10-28
User_55,user193@mail.com,Place_241,Street_17,hotel,hotel,,5,1,Great place,1,2025-08-07
User_4,user177@mail.com,Place_214,Street_3,restaurant,restaurant,pizza;pasta;salad,,5,Great place,4,2025-04-16
User_18,user106@mail.com,Place_225,Street_47,hotel,hotel,,4,3,Great place,3,2025-08-08
User_52,user54@mail.com,Place_145,Street_32,hotel,hotel,,4,3,Good food,1,2025-10-20
User_62,user4@mail.com,Place_225,Street_17,hotel,hotel,,3,3,Average,4,2025-07-24
User_151,user38@mail.com,Place_67,Street_33,hotel,hotel,,5,4,Nice service,3,2025-10-18
User_198,user147@mail.com,Place_39,Street_7,restaurant,restaurant,pizza;pasta;salad,,5,Good food,5,2025-05-23
User_110,user26@mail.com,Place_193,Street_42,restaurant,restaurant,pizza;pasta;salad,,2,Great place,5,2025-04-16
User_20,user62@mail.com,Place_116,Street_10,restaurant,restaurant,pizza;pasta;salad,,4,Good food,1,2025-11-11
User_186,user53@mail.com,Place_148,Street_44,restaurant,restaurant,pizza;pasta;salad,,5,Great place,4,2026-02-06
User_70,user89@mail.com,Place_181,Street_40,hotel,hotel,,5,3,Amazing experience,4,2025-11-05
User_125,user156@mail.com,Place_280,Street_18,restaurant,restaurant,pizza;pasta;salad,,5,Great place,3,2026-01-03
User_142,user175@mail.com,Place_130,Street_24,hotel,hotel,,4,2,Nice service,5,2025-03-27
User_108,user131@mail.com,Place_134,Street_1,restaurant,restaurant,pizza;pasta;salad,,5,Amazing experience,1,2025-04-03
User_164,user168@mail.com,Place_40,Street_17,restaurant,restaurant,pizza;pasta;salad,,2,Good food,3,2025-05-16
User_27,user103@mail.com,Place_273,Street_17,restaurant,restaurant,pizza;pasta;salad,,4,Good food,4,2026-02-02
User_12,user134@mail.com,Place_286,Street_22,hotel,hotel,,3,1,Good food,5,2025-11-14
User_176,user132@mail.com,Place_297,Street_31,restaurant,restaurant,pizza;pasta;salad,,2,Good food,1,2026-01-23
User_67,user193@mail.com,Place_239,Street_35,restaurant,restaurant,pizza;pasta;salad,,1,Nice service,5,2026-01-23
User_66,user105@mail.com,Place_189,Street_8,hotel,hotel,,4,2,Amazing experience,4,2026-02-18
User_21,user142@mail.com,Place_244,Street_24,restaurant,restaurant,pizza;pasta;salad,,4,Great place,1,2025-05-28
User_159,user61@mail.com,Place_85,Street_19,restaurant,restaurant,pizza;pasta;salad,,4,Great place,1,2026-02-15
User_149,user158@mail.com,Place_152,Street_29,hotel,hotel,,5,3,Amazing experience,1,2025-07-31
User_20,user107@mail.com,Place_22,Street_9,hotel,hotel,,3,1,Good food,1,2025-11-10
User_42,user115@mail.com,Place_85,Street_13,hotel,hotel,,5,3,Nice service,2,2025-10-20
User_150,user196@mail.com,Place_143,Street_10,restaurant,restaurant,pizza;pasta;salad,,3,Nice service,4,2025-08-10
User_77,user3@mail.com,Place_207,Street_11,hotel,hotel,,5,2,Good food,5,2025-06-13
User_171,user4@mail.com,Place_7,Street_3,hotel,hotel,,5,5,Amazing experience,3,2025-08-02
User_104,user53@mail.com,Place_49,Street_8,hotel,hotel,,4,5,Average,3,2025-07-14
User_164,user39@mail.com,Place_59,Street_27,restaurant,restaurant,pizza;pasta;salad,,2,Nice service,5,2025-10-24
User_119,user1@mail.com,Place_3,Street_8,hotel,hotel,,5,1,Amazing experience,1,2025-03-20
User_123,user172@mail.com,Place_7,Street_37,hotel,hotel,,5,2,Great place,2,2025-06-18
User_115,user177@mail.com,Place_257,Street_1,hotel,hotel,,3,5,Nice service,2,2025-11-18
User_29,user54@mail.com,Place_16,Street_7,restaurant,restaurant,pizza;pasta;salad,,1,Great place,2,2025-03-18
User_149,user57@mail.com,Place_142,Street_35,restaurant,restaurant,pizza;pasta;salad,,1,Nice service,1,2025-07-06
User_25,user30@mail.com,Place_206,Street_23,hotel,hotel,,5,2,Average,3,2026-03-03
User_156,user67@mail.com,Place_26,Street_12,restaurant,restaurant,pizza;pasta;salad,,2,Average,2,2025-04-30
User_19,user155@mail.com,Place_191,Street_13,hotel,hotel,,5,1,Nice service,2,2025-10-13
User_91,user124@mail.com,Place_18,Street_18,restaurant,restaurant,pizza;pasta;salad,,3,Great place,5,2025-12-20
User_25,user79@mail.com,Place_63,Street_12,hotel,hotel,,3,2,Amazing experience,3,2025-08-22
User_146,user183@mail.com,Place_71,Street_50,hotel,hotel,,3,3,Good food,1,2025-09-28
User_19,user153@mail.com,Place_74,Street_31,restaurant,restaurant,pizza;pasta;salad,,1,Good food,4,2025-07-26
User_116,user61@mail.com,Place_45,Street_45,restaurant,restaurant,pizza;pasta;salad,,1,Good food,1,2025-04-29
User_129,user96@mail.com,Place_238,Street_33,hotel,hotel,,4,1,Great place,1,2025-03-20
User_129,user56@mail.com,Place_146,Street_35,restaurant,restaurant,pizza;pasta;salad,,1,Good food,3,2025-11-20
User_152,user105@mail.com,Place_26,Street_17,restaurant,restaurant,pizza;pasta;salad,,4,Nice service,2,2026-02-05
User_156,user70@mail.com,Place_7,Street_19,restaurant,restaurant,pizza;pasta;salad,,1,Average,5,2025-10-01
User_24,user31@mail.com,Place_95,Street_8,restaurant,restaurant,pizza;pasta;salad,,5,Nice service,1,2025-05-23
User_155,user126@mail.com,Place_122,Street_41,restaurant,restaurant,pizza;pasta;salad,,2,Amazing experience,5,2025-08-29
User_131,user181@mail.com,Place_24,Street_31,restaurant,restaurant,pizza;pasta;salad,,4,Average,2,2025-10-06
User_102,user157@mail.com,Place_130,Street_48,restaurant,restaurant,pizza;pasta;salad,,4,Good food,5,2025-08-16
User_90,user126@mail.com,Place_254,Street_15,hotel,hotel,,4,3,Amazing experience,5,2025-05-13
User_46,user119@mail.com,Place_261,Street_28,restaurant,restaurant,pizza;pasta;salad,,3,Average,4,2025-10-08
User_194,user126@mail.com,Place_214,Street_50,restaurant,restaurant,pizza;pasta;salad,,4,Great place,5,2025-08-18
User_158,user82@mail.com,Place_128,Street_40,hotel,hotel,,4,3,Great place,5,2025-12-16
User_8,user40@mail.com,Place_255,Street_22,restaurant,restaurant,pizza;pasta;salad,,4,Great place,1,2026-02-12
User_156,user84@mail.com,Place_17,Street_32,hotel,hotel,,3,2,Average,1,2025-10-19
User_97,user193@mail.com,Place_138,Street_25,restaurant,restaurant,pizza;pasta;salad,,2,Average,3,2025-08-02
User_52,user80@mail.com,Place_145,Street_24,restaurant,restaurant,pizza;pasta;salad,,2,Amazing experience,2,2025-09-07
User_178,user81@mail.com,Place_15,Street_39,hotel,hotel,,4,3,Great place,5,2025-05-22
User_93,user140@mail.com,Place_91,Street_11,hotel,hotel,,4,4,Good food,2,2025-10-10
User_59,user17@mail.com,Place_198,Street_33,restaurant,restaurant,pizza;pasta;salad,,2,Good food,3,2025-11-01
User_166,user164@mail.com,Place_175,Street_4,hotel,hotel,,4,2,Nice service,5,2025-11-01
User_114,user157@mail.com,Place_186,Street_42,restaurant,restaurant,pizza;pasta;salad,,1,Nice service,3,2026-02-02
User_40,user31@mail.com,Place_89,Street_7,hotel,hotel,,4,3,Average,2,2025-12-03
User_113,user132@mail.com,Place_141,Street_10,restaurant,restaurant,pizza;pasta;salad,,3,Amazing experience,2,2025-06-26
User_177,user200@mail.com,Place_237,Street_19,hotel,hotel,,4,4,Amazing experience,2,2026-02-01
User_57,user53@mail.com,Place_255,Street_40,restaurant,restaurant,pizza;pasta;salad,,1,Great place,1,2025-10-09
User_114,user36@mail.com,Place_243,Street_32,restaurant,restaurant,pizza;pasta;salad,,1,Amazing experience,1,2025-12-31
User_1,user118@mail.com,Place_105,Street_29,hotel,hotel,,4,1,Average,3,2026-03-15
User_63,user127@mail.com,Place_103,Street_24,restaurant,restaurant,pizza;pasta;salad,,3,Nice service,2,2025-06-24
User_28,user128@mail.com,Place_246,Street_13,hotel,hotel,,4,5,Good food,3,2025-07-12
User_95,user81@mail.com,Place_37,Street_11,restaurant,restaurant,pizza;pasta;salad,,5,Good food,3,2025-05-24
User_75,user185@mail.com,Place_257,Street_9,hotel,hotel,,5,4,Nice service,1,2026-02-07
User_123,user79@mail.com,Place_183,Street_18,restaurant,restaurant,pizza;pasta;salad,,1,Good food,5,2025-10-20
User_185,user10@mail.com,Place_8,Street_4,restaurant,restaurant,pizza;pasta;salad,,3,Nice service,5,2026-01-16
User_93,user43@mail.com,Place_76,Street_1,hotel,hotel,,4,5,Nice service,5,2026-02-27
User_60,user133@mail.com,Place_202,Street_39,restaurant,restaurant,pizza;pasta;salad,,1,Amazing experience,2,2025-10-10
User_182,user144@mail.com,Place_25,Street_34,restaurant,restaurant,pizza;pasta;salad,,2,Average,1,2025-08-27
User_82,user166@mail.com,Place_90,Street_18,restaurant,restaurant,pizza;pasta;salad,,3,Great place,2,2025-12-10
User_80,user56@mail.com,Place_127,Street_42,restaurant,restaurant,pizza;pasta;salad,,5,Good food,4,2025-09-11
User_187,user73@mail.com,Place_151,Street_21,restaurant,restaurant,pizza;pasta;salad,,5,Good food,5,2025-04-29
User_19,user63@mail.com,Place_202,Street_1,hotel,hotel,,3,2,Average,1,2025-09-05
User_20,user10@mail.com,Place_98,Street_15,restaurant,restaurant,pizza;pasta;salad,,1,Average,1,2025-09-04
User_75,user98@mail.com,Place_259,Street_15,hotel,hotel,,5,4,Nice service,1,2025-12-08
User_115,user88@mail.com,Place_271,Street_50,hotel,hotel,,3,2,Average,4,2025-06-30
User_41,user67@mail.com,Place_11,Street_42,hotel,hotel,,4,2,Amazing experience,3,2025-05-18
User_65,user93@mail.com,Place_211,Street_27,restaurant,restaurant,pizza;pasta;salad,,5,Amazing experience,1,2025-09-29
User_12,user131@mail.com,Place_133,Street_43,hotel,hotel,,3,1,Good food,5,2026-03-13
User_112,user55@mail.com,Place_30,Street_24,restaurant,restaurant,pizza;pasta;salad,,1,Average,3,2025-04-01
User_27,user164@mail.com,Place_255,Street_42,hotel,hotel,,3,1,Nice service,3,2025-04-28
User_144,user174@mail.com,Place_1,Street_2,restaurant,restaurant,pizza;pasta;salad,,2,Great place,1,2025-11-16
User_125,user93@mail.com,Place_50,Street_6,hotel,hotel,,5,3,Average,2,2026-03-06
User_72,user192@mail.com,Place_113,Street_19,restaurant,restaurant,pizza;pasta;salad,,3,Average,1,2025-05-22
User_141,user156@mail.com,Place_7,Street_10,hotel,hotel,,5,5,Nice service,3,2025-04-28
User_126,user153@mail.com,Place_7,Street_38,hotel,hotel,,3,1,Amazing experience,5,2026-02-25
User_116,user128@mail.com,Place_210,Street_6,hotel,hotel,,4,1,Amazing experience,3,2025-09-11
User_177,user11@mail.com,Place_7,Street_28,hotel,hotel,,5,2,Amazing experience,3,2025-08-17
User_34,user56@mail.com,Place_20,Street_25,hotel,hotel,,5,5,Nice service,5,2026-03-07
User_5,user95@mail.com,Place_230,Street_37,restaurant,restaurant,pizza;pasta;salad,,1,Nice service,4,2026-02-10
User_6,user156@mail.com,Place_236,Street_4,restaurant,restaurant,pizza;pasta;salad,,2,Nice service,5,2026-01-09
User_177,user182@mail.com,Place_60,Street_5,restaurant,restaurant,pizza;pasta;salad,,4,Great place,2,2025-03-23
User_150,user105@mail.com,Place_72,Street_29,restaurant,restaurant,pizza;pasta;salad,,4,Amazing experience,3,2025-06-20
User_111,user71@mail.com,Place_7,Street_4,restaurant,restaurant,pizza;pasta;salad,,2,Nice service,2,2025-11-29
User_105,user132@mail.com,Place_105,Street_1,hotel,hotel,,5,5,Great place,2,2025-06-19
User_64,user21@mail.com,Place_138,Street_43,hotel,hotel,,4,4,Great place,1,2026-02-13
User_153,user77@mail.com,Place_141,Street_16,restaurant,restaurant,pizza;pasta;salad,,3,Good food,2,2025-08-22
User_135,user188@mail.com,Place_71,Street_37,restaurant,restaurant,pizza;pasta;salad,,4,Good food,4,2026-03-07
User_143,user109@mail.com,Place_112,Street_43,hotel,hotel,,4,5,Good food,1,2025-09-04
User_49,user170@mail.com,Place_120,Street_11,hotel,hotel,,3,4,Great place,4,2025-04-30
User_52,user1@mail.com,Place_297,Street_20,restaurant,restaurant,pizza;pasta;salad,,1,Amazing experience,5,2025-10-09
User_26,user73@mail.com,Place_115,Street_7,restaurant,restaurant,pizza;pasta;salad,,3,Good food,4,2025-08-10
User_132,user38@mail.com,Place_294,Street_11,restaurant,restaurant,pizza;pasta;salad,,2,Nice service,2,2026-01-04
User_158,user109@mail.com,Place_274,Street_9,hotel,hotel,,3,4,Average,3,2026-01-11
User_170,user28@mail.com,Place_114,Street_23,restaurant,restaurant,pizza;pasta;salad,,4,Good food,4,2025-04-03
User_43,user183@mail.com,Place_143,Street_42,restaurant,restaurant,pizza;pasta;salad,,2,Great place,1,2026-02-19
User_134,user19@mail.com,Place_101,Street_40,restaurant,restaurant,pizza;pasta;salad,,4,Average,1,2025-07-17
User_63,user167@mail.com,Place_29,Street_21,hotel,hotel,,4,5,Average,5,2025-03-23
User_56,user111@mail.com,Place_88,Street_45,hotel,hotel,,5,1,Average,2,2026-01-09
User_111,user60@mail.com,Place_168,Street_14,restaurant,restaurant,pizza;pasta;salad,,4,Amazing experience,2,2025-04-21
User_123,user24@mail.com,Place_172,Street_11,hotel,hotel,,5,4,Average,2,2025-10-30
User_151,user78@mail.com,Place_192,Street_9,hotel,hotel,,5,2,Amazing experience,1,2025-11-12
User_62,user60@mail.com,Place_127,Street_7,hotel,hotel,,4,5,Average,2,2025-06-07
User_85,user60@mail.com,Place_12,Street_50,restaurant,restaurant,pizza;pasta;salad,,3,Amazing experience,5,2025-05-15
User_135,user57@mail.com,Place_23,Street_11,hotel,hotel,,3,5,Nice service,2,2025-06-11
User_54,user176@mail.com,Place_239,Street_34,hotel,hotel,,5,4,Amazing experience,4,2026-01-23
User_43,user118@mail.com,Place_282,Street_8,hotel,hotel,,4,4,Amazing experience,5,2025-05-05
User_72,user44@mail.com,Place_50,Street_43,restaurant,restaurant,pizza;pasta;salad,,3,Average,5,2025-05-26
User_151,user200@mail.com,Place_205,Street_23,hotel,hotel,,5,4,Amazing experience,5,2025-04-16
User_67,user68@mail.com,Place_181,Street_7,hotel,hotel,,4,5,Good food,3,2025-10-22
User_44,user24@mail.com,Place_45,Street_40,hotel,hotel,,3,1,Nice service,1,2025-10-04
User_17,user84@mail.com,Place_202,Street_30,hotel,hotel,,3,5,Good food,5,2026-01-18
User_49,user36@mail.com,Place_216,Street_36,hotel,hotel,,5,1,Great place,2,2025-03-18
User_86,user52@mail.com,Place_29,Street_50,hotel,hotel,,5,5,Great place,5,2025-03-27
User_95,user152@mail.com,Place_267,Street_27,hotel,hotel,,5,4,Amazing experience,2,2025-04-06
User_124,user168@mail.com,Place_153,Street_36,hotel,hotel,,4,4,Amazing experience,4,2026-01-18
User_101,user38@mail.com,Place_38,Street_31,hotel,hotel,,3,5,Great place,5,2025-04-09
User_177,user34@mail.com,Place_53,Street_33,hotel,hotel,,4,4,Good food,5,2026-01-26
User_127,user51@mail.com,Place_70,Street_19,hotel,hotel,,4,4,Amazing experience,3,2025-08-22
User_180,user165@mail.com,Place_67,Street_8,restaurant,restaurant,pizza;pasta;salad,,3,Great place,1,2025-08-02
User_100,user144@mail.com,Place_129,Street_12,hotel,hotel,,5,4,Great place,1,2025-04-08
User_178,user66@mail.com,Place_85,Street_23,restaurant,restaurant,pizza;pasta;salad,,5,Average,3,2025-08-02
User_56,user25@mail.com,Place_66,Street_24,hotel,hotel,,5,2,Average,5,2025-12-16
User_81,user123@mail.com,Place_149,Street_37,hotel,hotel,,4,2,Average,2,2025-07-12
User_59,user122@mail.com,Place_45,Street_49,restaurant,restaurant,pizza;pasta;salad,,5,Good food,3,2025-12-06
User_143,user20@mail.com,Place_239,Street_38,restaurant,restaurant,pizza;pasta;salad,,5,Good food,3,2025-05-05
User_7,user187@mail.com,Place_294,Street_19,hotel,hotel,,3,3,Good food,1,2025-08-07
User_150,user152@mail.com,Place_267,Street_37,restaurant,restaurant,pizza;pasta;salad,,2,Nice service,1,2025-12-20
User_34,user41@mail.com,Place_213,Street_24,restaurant,restaurant,pizza;pasta;salad,,2,Good food,5,2026-01-16
User_151,user161@mail.com,Place_157,Street_36,restaurant,restaurant,pizza;pasta;salad,,5,Great place,4,2026-03-02
User_170,user84@mail.com,Place_204,Street_33,hotel,hotel,,5,1,Average,4,2025-05-09
User_70,user72@mail.com,Place_264,Street_8,hotel,hotel,,3,4,Amazing experience,1,2025-12-28
User_83,user23@mail.com,Place_57,Street_29,hotel,hotel,,3,1,Great place,5,2026-01-26
User_175,user61@mail.com,Place_155,Street_39,hotel,hotel,,5,2,Good food,5,2025-11-09
User_133,user20@mail.com,Place_104,Street_44,hotel,hotel,,3,1,Average,2,2025-07-15
User_65,user106@mail.com,Place_54,Street_8,restaurant,restaurant,pizza;pasta;salad,,4,Average,1,2026-03-11
User_28,user73@mail.com,Place_136,Street_21,restaurant,restaurant,pizza;pasta;salad,,3,Nice service,1,2025-04-12
User_59,user145@mail.com,Place_74,Street_27,hotel,hotel,,4,5,Good food,5,2025-11-22
User_51,user50@mail.com,Place_41,Street_6,hotel,hotel,,3,5,Amazing experience,2,2025-09-18
User_180,user150@mail.com,Place_108,Street_3,hotel,hotel,,3,5,Good food,3,2025-06-19
User_20,user1@mail.com,Place_105,Street_19,restaurant,restaurant,pizza;pasta;salad,,1,Average,2,2025-08-11
User_39,user48@mail.com,Place_140,Street_1,restaurant,restaurant,pizza;pasta;salad,,2,Amazing experience,3,2025-07-01
User_114,user152@mail.com,Place_233,Street_1,restaurant,restaurant,pizza;pasta;salad,,2,Nice service,4,2025-08-21
User_99,user172@mail.com,Place_37,Street_29,hotel,hotel,,4,2,Great place,1,2025-11-29
User_68,user33@mail.com,Place_77,Street_50,restaurant,restaurant,pizza;pasta;salad,,1,Good food,3,2025-09-21
User_173,user64@mail.com,Place_164,Street_20,hotel,hotel,,4,2,Good food,5,2025-04-18
User_130,user18@mail.com,Place_161,Street_17,restaurant,restaurant,pizza;pasta;salad,,5,Great place,3,2025-04-19
User_40,user27@mail.com,Place_262,Street_33,hotel,hotel,,4,5,Amazing experience,5,2025-11-20
User_145,user87@mail.com,Place_177,Street_25,restaurant,restaurant,pizza;pasta;salad,,2,Average,4,2025-09-11
User_161,user105@mail.com,Place_212,Street_24,restaurant,restaurant,pizza;pasta;salad,,2,Good food,5,2025-07-28
User_32,user18@mail.com,Place_268,Street_33,restaurant,restaurant,pizza;pasta;salad,,3,Nice service,4,2025-07-30
User_12,user106@mail.com,Place_192,Street_37,restaurant,restaurant,pizza;pasta;salad,,2,Average,1,2025-08-23
User_137,user191@mail.com,Place_102,Street_39,hotel,hotel,,4,1,Average,1,2025-10-26
User_171,user133@mail.com,Place_252,Street_37,hotel,hotel,,3,2,Great place,3,2026-03-03
User_121,user5@mail.com,Place_104,Street_23,restaurant,restaurant,pizza;pasta;salad,,1,Great place,3,2025-03-30
User_35,user194@mail.com,Place_118,Street_8,hotel,hotel,,4,4,Amazing experience,2,2025-06-09
User_74,user22@mail.com,Place_42,Street_38,restaurant,restaurant,pizza;pasta;salad,,5,Great place,2,2025-12-05
User_179,user157@mail.com,Place_13,Street_20,hotel,hotel,,3,3,Great place,1,2025-12-02
User_85,user13@mail.com,Place_28,Street_27,restaurant,restaurant,pizza;pasta;salad,,3,Good food,5,2025-11-14
User_157,user90@mail.com,Place_86,Street_43,restaurant,restaurant,pizza;pasta;salad,,2,Amazing experience,2,2025-05-20
User_138,user51@mail.com,Place_108,Street_17,restaurant,restaurant,pizza;pasta;salad,,2,Nice service,4,2025-03-25
User_104,user82@mail.com,Place_295,Street_9,restaurant,restaurant,pizza;pasta;salad,,1,Great place,4,2025-07-10
User_23,user167@mail.com,Place_158,Street_49,restaurant,restaurant,pizza;pasta;salad,,1,Amazing experience,1,2025-03-31
User_126,user131@mail.com,Place_30,Street_3,hotel,hotel,,5,4,Good food,2,2025-08-25
User_81,user145@mail.com,Place_153,Street_42,restaurant,restaurant,pizza;pasta;salad,,2,Good food,5,2025-08-31
User_187,user147@mail.com,Place_134,Street_15,restaurant,restaurant,pizza;pasta;salad,,3,Good food,1,2025-08-13
User_155,user118@mail.com,Place_202,Street_40,restaurant,restaurant,pizza;pasta;salad,,4,Amazing experience,5,2025-04-08
User_169,user60@mail.com,Place_147,Street_44,hotel,hotel,,5,5,Great place,1,2026-02-23
User_92,user105@mail.com,Place_294,Street_37,hotel,hotel,,3,4,Nice service,2,2025-12-31
User_109,user154@mail.com,Place_227,Street_24,hotel,hotel,,3,2,Great place,5,2025-09-10
User_5,user145@mail.com,Place_217,Street_44,restaurant,restaurant,pizza;pasta;salad,,4,Average,5,2025-03-30
User_24,user173@mail.com,Place_276,Street_24,restaurant,restaurant,pizza;pasta;salad,,5,Amazing experience,4,2025-12-06
User_113,user24@mail.com,Place_177,Street_24,restaurant,restaurant,pizza;pasta;salad,,4,Average,4,2025-11-29
User_121,user169@mail.com,Place_284,Street_2,hotel,hotel,,4,3,Good food,3,2025-06-18
User_119,user153@mail.com,Place_131,Street_27,hotel,hotel,,5,5,Good food,5,2025-06-11
User_39,user72@mail.com,Place_151,Street_28,restaurant,restaurant,pizza;pasta;salad,,5,Amazing experience,3,2026-01-01
User_2,user89@mail.com,Place_100,Street_42,restaurant,restaurant,pizza;pasta;salad,,4,Average,5,2025-11-02
User_143,user125@mail.com,Place_64,Street_5,hotel,hotel,,4,5,Average,5,2025-08-30
User_191,user133@mail.com,Place_134,Street_4,restaurant,restaurant,pizza;pasta;salad,,3,Average,4,2026-01-21
User_140,user124@mail.com,Place_231,Street_21,restaurant,restaurant,pizza;pasta;salad,,2,Average,1,2025-07-28
User_171,user91@mail.com,Place_166,Street_40,restaurant,restaurant,pizza;pasta;salad,,3,Average,5,2025-09-30
User_144,user104@mail.com,Place_138,Street_42,hotel,hotel,,4,4,Good food,2,2025-11-06
User_100,user97@mail.com,Place_245,Street_40,hotel,hotel,,5,1,Amazing experience,2,2025-08-29
User_141,user14@mail.com,Place_246,Street_14,hotel,hotel,,3,1,Nice service,5,2025-08-13
User_20,user35@mail.com,Place_177,Street_46,restaurant,restaurant,pizza;pasta;salad,,2,Amazing experience,3,2025-05-28
User_163,user48@mail.com,Place_275,Street_9,hotel,hotel,,3,3,Good food,5,2025-07-13
User_59,user58@mail.com,Place_294,Street_42,hotel,hotel,,3,5,Great place,4,2025-09-23
User_44,user188@mail.com,Place_135,Street_3,hotel,hotel,,4,2,Amazing experience,5,2025-12-03
User_132,user167@mail.com,Place_22,Street_26,restaurant,restaurant,pizza;pasta;salad,,2,Great place,5,2026-02-15
User_77,user85@mail.com,Place_292,Street_33,restaurant,restaurant,pizza;pasta;salad,,4,Amazing experience,3,2026-02-13
User_186,user42@mail.com,Place_156,Street_35,hotel,hotel,,4,1,Amazing experience,2,2025-11-21
User_125,user29@mail.com,Place_289,Street_50,restaurant,restaurant,pizza;pasta;salad,,5,Amazing experience,4,2026-03-06
User_13,user29@mail.com,Place_59,Street_5,restaurant,restaurant,pizza;pasta;salad,,3,Nice service,1,2025-11-20
User_130,user7@mail.com,Place_191,Street_36,restaurant,restaurant,pizza;pasta;salad,,2,Nice service,1,2025-11-13
User_106,user93@mail.com,Place_115,Street_48,restaurant,restaurant,pizza;pasta;salad,,1,Good food,2,2025-11-11
User_24,user175@mail.com,Place_284,Street_47,restaurant,restaurant,pizza;pasta;salad,,2,Good food,5,2025-09-11
User_179,user128@mail.com,Place_129,Street_35,restaurant,restaurant,pizza;pasta;salad,,3,Average,1,2026-01-06
User_159,user94@mail.com,Place_271,Street_6,restaurant,restaurant,pizza;pasta;salad,,2,Good food,2,2025-06-04
User_98,user42@mail.com,Place_140,Street_9,restaurant,restaurant,pizza;pasta;salad,,3,Nice service,1,2025-09-22
User_106,user88@mail.com,Place_43,Street_39,restaurant,restaurant,pizza;pasta;salad,,4,Good food,2,2025-08-25
User_197,user76@mail.com,Place_222,Street_32,restaurant,restaurant,pizza;pasta;salad,,3,Nice service,3,2025-12-18
User_176,user151@mail.com,Place_94,Street_13,restaurant,restaurant,pizza;pasta;salad,,4,Good food,2,2025-08-19
User_68,user118@mail.com,Place_267,Street_11,restaurant,restaurant,pizza;pasta;salad,,5,Good food,3,2025-10-05
User_142,user53@mail.com,Place_157,Street_25,hotel,hotel,,5,3,Amazing experience,4,2025-08-24
User_45,user84@mail.com,Place_154,Street_35,hotel,hotel,,3,2,Great place,2,2025-11-11
User_127,user170@mail.com,Place_288,Street_18,hotel,hotel,,3,4,Great place,4,2025-05-08
User_138,user82@mail.com,Place_272,Street_49,hotel,hotel,,4,4,Great place,2,2025-12-03
User_164,user67@mail.com,Place_16,Street_18,hotel,hotel,,3,5,Amazing experience,5,2025-05-02
User_113,user155@mail.com,Place_77,Street_14,hotel,hotel,,5,3,Good food,3,2026-01-03
User_35,user74@mail.com,Place_265,Street_5,restaurant,restaurant,pizza;pasta;salad,,2,Amazing experience,3,2025-04-29
User_165,user123@mail.com,Place_172,Street_2,restaurant,restaurant,pizza;pasta;salad,,5,Average,1,2025-11-23
User_53,user39@mail.com,Place_116,Street_47,restaurant,restaurant,pizza;pasta;salad,,1,Great place,2,2025-08-19
User_187,user53@mail.com,Place_276,Street_37,restaurant,restaurant,pizza;pasta;salad,,5,Great place,3,2025-10-21
User_28,user92@mail.com,Place_190,Street_34,restaurant,restaurant,pizza;pasta;salad,,2,Average,1,2025-09-25
User_50,user15@mail.com,Place_234,Street_1,restaurant,restaurant,pizza;pasta;salad,,4,Nice service,1,2025-11-21
User_163,user186@mail.com,Place_185,Street_38,restaurant,restaurant,pizza;pasta;salad,,4,Great place,2,2025-05-13
User_180,user135@mail.com,Place_9,Street_41,hotel,hotel,,3,4,Average,2,2025-12-25
User_82,user4@mail.com,Place_167,Street_37,restaurant,restaurant,pizza;pasta;salad,,5,Nice service,5,2025-12-06
User_155,user132@mail.com,Place_158,Street_23,restaurant,restaurant,pizza;pasta;salad,,2,Great place,3,2025-06-25
User_21,user128@mail.com,Place_214,Street_18,restaurant,restaurant,pizza;pasta;salad,,2,Great place,1,2025-06-05
User_125,user148@mail.com,Place_29,Street_38,hotel,hotel,,4,3,Amazing experience,1,2026-01-23
User_191,user74@mail.com,Place_206,Street_18,hotel,hotel,,3,5,Great place,2,2025-07-21
User_50,user44@mail.com,Place_258,Street_47,hotel,hotel,,5,5,Average,2,2025-06-15
User_185,user190@mail.com,Place_191,Street_20,restaurant,restaurant,pizza;pasta;salad,,3,Average,4,2025-03-21
User_125,user15@mail.com,Place_125,Street_5,hotel,hotel,,5,3,Good food,2,2025-05-02
User_96,user20@mail.com,Place_39,Street_44,restaurant,restaurant,pizza;pasta;salad,,4,Amazing experience,4,2025-12-19
User_178,user197@mail.com,Place_137,Street_21,restaurant,restaurant,pizza;pasta;salad,,1,Average,1,2025-11-05
User_5,user83@mail.com,Place_78,Street_35,hotel,hotel,,4,2,Amazing experience,2,2025-11-14
User_152,user101@mail.com,Place_288,Street_2,hotel,hotel,,3,3,Average,2,2025-07-23
User_39,user58@mail.com,Place_7,Street_21,restaurant,restaurant,pizza;pasta;salad,,4,Great place,1,2025-11-01
User_53,user167@mail.com,Place_93,Street_37,restaurant,restaurant,pizza;pasta;salad,,3,Nice service,1,2026-02-27
User_196,user73@mail.com,Place_70,Street_23,hotel,hotel,,3,5,Amazing experience,1,2025-06-27
User_2,user110@mail.com,Place_216,Street_33,restaurant,restaurant,pizza;pasta;salad,,1,Great place,3,2025-04-07
User_104,user70@mail.com,Place_296,Street_49,restaurant,restaurant,pizza;pasta;salad,,2,Nice service,1,2025-04-23
User_153,user50@mail.com,Place_232,Street_17,hotel,hotel,,3,3,Good food,1,2025-06-17
User_164,user58@mail.com,Place_76,Street_7,restaurant,restaurant,pizza;pasta;salad,,4,Good food,2,2025-11-11
User_127,user178@mail.com,Place_69,Street_14,hotel,hotel,,5,5,Amazing experience,5,2025-10-31
User_29,user193@mail.com,Place_167,Street_26,hotel,hotel,,3,3,Good food,5,2025-06-06
User_116,user109@mail.com,Place_133,Street_22,restaurant,restaurant,pizza;pasta;salad,,2,Average,1,2026-01-01
User_118,user182@mail.com,Place_18,Street_43,restaurant,restaurant,pizza;pasta;salad,,4,Nice service,1,2025-12-14
User_171,user80@mail.com,Place_56,Street_41,hotel,hotel,,3,2,Great place,5,2025-06-16
User_156,user117@mail.com,Place_155,Street_31,hotel,hotel,,4,4,Average,3,2026-01-05
User_31,user20@mail.com,Place_121,Street_30,restaurant,restaurant,pizza;pasta;salad,,5,Good food,4,2026-01-13
User_50,user142@mail.com,Place_228,Street_32,hotel,hotel,,4,3,Good food,4,2025-05-22
User_106,user81@mail.com,Place_22,Street_21,hotel,hotel,,5,4,Nice service,1,2025-12-18
User_31,user174@mail.com,Place_163,Street_40,hotel,hotel,,5,2,Great place,1,2025-10-20
User_42,user78@mail.com,Place_45,Street_11,hotel,hotel,,5,2,Nice service,4,2025-07-11
User_188,user14@mail.com,Place_6,Street_43,restaurant,restaurant,pizza;pasta;salad,,1,Amazing experience,2,2025-07-28
User_137,user76@mail.com,Place_263,Street_29,restaurant,restaurant,pizza;pasta;salad,,3,Great place,1,2026-02-08
User_190,user88@mail.com,Place_5,Street_40,restaurant,restaurant,pizza;pasta;salad,,5,Nice service,2,2025-09-22
User_199,user148@mail.com,Place_50,Street_50,restaurant,restaurant,pizza;pasta;salad,,2,Good food,5,2025-07-27
User_146,user151@mail.com,Place_263,Street_41,hotel,hotel,,5,2,Great place,5,2025-10-24
User_20,user31@mail.com,Place_264,Street_12,hotel,hotel,,3,3,Great place,4,2026-01-28
User_175,user69@mail.com,Place_149,Street_20,restaurant,restaurant,pizza;pasta;salad,,2,Nice service,5,2025-10-29
User_14,user138@mail.com,Place_144,Street_21,hotel,hotel,,3,4,Great place,3,2025-12-01
User_106,user46@mail.com,Place_297,Street_27,restaurant,restaurant,pizza;pasta;salad,,2,Amazing experience,1,2025-12-09
User_138,user157@mail.com,Place_12,Street_7,restaurant,restaurant,pizza;pasta;salad,,3,Average,2,2026-02-03
User_6,user24@mail.com,Place_200,Street_49,restaurant,restaurant,pizza;pasta;salad,,5,Good food,1,2025-12-15
User_165,user155@mail.com,Place_144,Street_28,restaurant,restaurant,pizza;pasta;salad,,3,Nice service,4,2025-08-28
User_45,user18@mail.com,Place_30,Street_5,hotel,hotel,,5,2,Good food,5,2025-05-06
User_187,user71@mail.com,Place_250,Street_38,restaurant,restaurant,pizza;pasta;salad,,3,Nice service,5,2025-08-01
User_93,user85@mail.com,Place_59,Street_3,restaurant,restaurant,pizza;pasta;salad,,2,Great place,3,2025-04-10
User_97,user124@mail.com,Place_54,Street_7,hotel,hotel,,4,3,Amazing experience,2,2026-01-09
User_62,user170@mail.com,Place_208,Street_6,restaurant,restaurant,pizza;pasta;salad,,4,Great place,1,2025-03-17
User_180,user145@mail.com,Place_3,Street_37,hotel,hotel,,5,5,Average,1,2026-02-28
User_48,user81@mail.com,Place_96,Street_8,hotel,hotel,,5,1,Nice service,4,2025-08-20
User_21,user135@mail.com,Place_163,Street_25,hotel,hotel,,4,3,Nice service,2,2026-03-07
User_77,user58@mail.com,Place_20,Street_1,hotel,hotel,,4,2,Nice service,2,2025-12-27
User_124,user135@mail.com,Place_269,Street_33,restaurant,restaurant,pizza;pasta;salad,,5,Good food,1,2025-11-09
User_169,user119@mail.com,Place_170,Street_29,restaurant,restaurant,pizza;pasta;salad,,5,Amazing experience,5,2025-10-24
User_166,user194@mail.com,Place_200,Street_41,hotel,hotel,,4,4,Amazing experience,3,2025-03-29
User_11,user151@mail.com,Place_50,Street_1,restaurant,restaurant,pizza;pasta;salad,,3,Nice service,3,2026-02-10
User_126,user141@mail.com,Place_236,Street_8,restaurant,restaurant,pizza;pasta;salad,,4,Nice service,2,2025-12-10
User_116,user110@mail.com,Place_279,Street_9,hotel,hotel,,5,2,Great place,2,2026-02-26
User_160,user110@mail.com,Place_125,Street_14,hotel,hotel,,4,4,Great place,5,2026-02-15
User_182,user54@mail.com,Place_295,Street_25,hotel,hotel,,5,2,Great place,4,2026-03-02
User_129,user160@mail.com,Place_219,Street_17,hotel,hotel,,5,5,Average,5,2025-04-01
User_19,user36@mail.com,Place_53,Street_5,restaurant,restaurant,pizza;pasta;salad,,2,Great place,2,2025-08-19
User_16,user58@mail.com,Place_21,Street_4,hotel,hotel,,3,2,Good food,1,2026-01-08
User_88,user17@mail.com,Place_215,Street_15,restaurant,restaurant,pizza;pasta;salad,,4,Nice service,4,2025-06-16
User_178,user165@mail.com,Place_166,Street_34,hotel,hotel,,3,5,Good food,1,2026-01-12
User_82,user29@mail.com,Place_122,Street_50,restaurant,restaurant,pizza;pasta;salad,,5,Amazing experience,4,2025-11-07
User_81,user10@mail.com,Place_135,Street_33,hotel,hotel,,5,1,Average,1,2025-11-14
User_164,user169@mail.com,Place_74,Street_29,restaurant,restaurant,pizza;pasta;salad,,4,Amazing experience,1,2025-04-30
User_27,user105@mail.com,Place_43,Street_44,hotel,hotel,,5,2,Good food,1,2026-02-20
User_117,user156@mail.com,Place_223,Street_35,hotel,hotel,,4,4,Average,1,2025-10-20
User_134,user76@mail.com,Place_11,Street_2,hotel,hotel,,5,5,Amazing experience,2,2026-02-20
User_75,user9@mail.com,Place_68,Street_34,restaurant,restaurant,pizza;pasta;salad,,1,Great place,5,2026-02-21
User_65,user126@mail.com,Place_58,Street_47,restaurant,restaurant,pizza;pasta;salad,,4,Amazing experience,5,2026-01-14
User_47,user198@mail.com,Place_180,Street_27,restaurant,restaurant,pizza;pasta;salad,,2,Nice service,5,2025-06-21
User_96,user112@mail.com,Place_121,Street_44,restaurant,restaurant,pizza;pasta;salad,,1,Good food,4,2025-09-09
User_134,user167@mail.com,Place_62,Street_8,restaurant,restaurant,pizza;pasta;salad,,5,Nice service,1,2025-12-18
User_17,user114@mail.com,Place_38,Street_43,hotel,hotel,,5,4,Nice service,2,2025-03-23
User_182,user145@mail.com,Place_3,Street_40,hotel,hotel,,4,2,Good food,1,2025-12-21
User_51,user106@mail.com,Place_111,Street_25,hotel,hotel,,4,3,Good food,3,2025-11-25
User_153,user21@mail.com,Place_21,Street_33,restaurant,restaurant,pizza;pasta;salad,,3,Great place,3,2025-07-31
User_173,user150@mail.com,Place_145,Street_9,restaurant,restaurant,pizza;pasta;salad,,4,Amazing experience,1,2025-11-15
User_66,user42@mail.com,Place_33,Street_27,hotel,hotel,,3,3,Nice service,1,2025-12-27
User_178,user131@mail.com,Place_219,Street_30,hotel,hotel,,3,5,Good food,5,2026-03-01
User_168,user178@mail.com,Place_43,Street_18,hotel,hotel,,3,1,Nice service,2,2025-04-29
User_115,user67@mail.com,Place_163,Street_12,hotel,hotel,,3,3,Average,4,2025-03-25
User_108,user125@mail.com,Place_73,Street_25,restaurant,restaurant,pizza;pasta;salad,,4,Good food,4,2025-10-16
User_40,user59@mail.com,Place_14,Street_32,hotel,hotel,,5,2,Amazing experience,1,2025-10-31
User_13,user135@mail.com,Place_180,Street_49,hotel,hotel,,4,2,Nice service,2,2025-03-18
User_84,user62@mail.com,Place_267,Street_3,hotel,hotel,,4,4,Good food,4,2025-05-13
User_115,user10@mail.com,Place_157,Street_44,hotel,hotel,,5,3,Good food,5,2025-08-30
User_143,user187@mail.com,Place_79,Street_21,restaurant,restaurant,pizza;pasta;salad,,3,Amazing experience,5,2025-12-24
User_31,user98@mail.com,Place_196,Street_12,restaurant,restaurant,pizza;pasta;salad,,4,Nice service,5,2025-12-25
User_15,user84@mail.com,Place_113,Street_35,restaurant,restaurant,pizza;pasta;salad,,5,Great place,4,2025-03-20
User_33,user81@mail.com,Place_44,Street_20,restaurant,restaurant,pizza;pasta;salad,,2,Nice service,1,2025-03-19
User_144,user4@mail.com,Place_279,Street_14,restaurant,restaurant,pizza;pasta;salad,,5,Great place,1,2025-07-28
User_52,user182@mail.com,Place_157,Street_10,hotel,hotel,,3,1,Good food,4,2025-11-17
User_101,user155@mail.com,Place_110,Street_8,restaurant,restaurant,pizza;pasta;salad,,5,Great place,2,2025-07-22
User_117,user170@mail.com,Place_297,Street_33,restaurant,restaurant,pizza;pasta;salad,,3,Good food,2,2026-02-21
User_98,user130@mail.com,Place_34,Street_49,hotel,hotel,,3,3,Nice service,2,2025-07-17
User_44,user161@mail.com,Place_248,Street_43,restaurant,restaurant,pizza;pasta;salad,,5,Good food,3,2025-05-05
User_42,user3@mail.com,Place_283,Street_43,restaurant,restaurant,pizza;pasta;salad,,4,Average,5,2025-03-30
User_68,user197@mail.com,Place_134,Street_50,restaurant,restaurant,pizza;pasta;salad,,1,Good food,2,2025-12-26
User_2,user91@mail.com,Place_271,Street_37,hotel,hotel,,5,2,Average,1,2025-12-11
User_194,user63@mail.com,Place_141,Street_15,restaurant,restaurant,pizza;pasta;salad,,2,Nice service,1,2025-05-06
User_197,user89@mail.com,Place_56,Street_38,hotel,hotel,,3,2,Good food,1,2025-06-15
User_83,user147@mail.com,Place_188,Street_35,hotel,hotel,,5,1,Good food,5,2025-07-08
User_8,user174@mail.com,Place_195,Street_6,hotel,hotel,,5,4,Great place,5,2025-08-31
User_166,user60@mail.com,Place_42,Street_16,restaurant,restaurant,pizza;pasta;salad,,1,Average,4,2026-02-19
User_68,user67@mail.com,Place_86,Street_48,restaurant,restaurant,pizza;pasta;salad,,1,Nice service,5,2025-12-22
User_162,user158@mail.com,Place_155,Street_33,restaurant,restaurant,pizza;pasta;salad,,5,Good food,3,2025-10-16
User_175,user7@mail.com,Place_300,Street_49,restaurant,restaurant,pizza;pasta;salad,,4,Amazing experience,1,2025-09-13
User_10,user26@mail.com,Place_6,Street_28,restaurant,restaurant,pizza;pasta;salad,,3,Great place,3,2025-07-17
User_29,user135@mail.com,Place_296,Street_42,restaurant,restaurant,pizza;pasta;salad,,5,Average,4,2025-08-21
User_191,user193@mail.com,Place_187,Street_37,hotel,hotel,,4,1,Great place,1,2025-11-15
User_129,user115@mail.com,Place_168,Street_43,restaurant,restaurant,pizza;pasta;salad,,5,Nice service,3,2025-09-28
User_36,user72@mail.com,Place_19,Street_15,restaurant,restaurant,pizza;pasta;salad,,2,Nice service,1,2025-11-26
User_71,user78@mail.com,Place_38,Street_27,hotel,hotel,,5,4,Good food,2,2025-05-05
User_1,user138@mail.com,Place_183,Street_47,hotel,hotel,,5,3,Amazing experience,3,2025-07-22
User_170,user147@mail.com,Place_103,Street_42,restaurant,restaurant,pizza;pasta;salad,,4,Nice service,3,2025-06-22
User_116,user99@mail.com,Place_233,Street_31,restaurant,restaurant,pizza;pasta;salad,,3,Great place,5,2025-05-03
User_55,user139@mail.com,Place_166,Street_9,hotel,hotel,,4,2,Good food,2,2025-08-24
User_127,user91@mail.com,Place_13,Street_39,restaurant,restaurant,pizza;pasta;salad,,4,Average,3,2025-08-14
User_9,user87@mail.com,Place_88,Street_20,hotel,hotel,,3,1,Good food,1,2025-07-01
User_19,user167@mail.com,Place_240,Street_1,hotel,hotel,,3,2,Good food,4,2025-11-02
User_199,user149@mail.com,Place_66,Street_27,hotel,hotel,,5,3,Good food,3,2025-08-27
User_176,user32@mail.com,Place_187,Street_22,hotel,hotel,,3,3,Great place,4,2026-02-01
User_49,user121@mail.com,Place_240,Street_28,restaurant,restaurant,pizza;pasta;salad,,4,Great place,2,2025-07-29
User_56,user171@mail.com,Place_100,Street_30,hotel,hotel,,3,5,Good food,3,2025-12-13
User_81,user121@mail.com,Place_29,Street_16,restaurant,restaurant,pizza;pasta;salad,,3,Great place,4,2025-05-25
User_7,user199@mail.com,Place_295,Street_32,restaurant,restaurant,pizza;pasta;salad,,1,Amazing experience,3,2025-10-24
User_124,user133@mail.com,Place_92,Street_1,hotel,hotel,,5,4,Average,4,2026-02-03
User_109,user121@mail.com,Place_269,Street_18,hotel,hotel,,5,3,Amazing experience,1,2025-10-03
User_64,user168@mail.com,Place_255,Street_23,hotel,hotel,,3,5,Great place,1,2025-05-21
User_144,user161@mail.com,Place_136,Street_32,hotel,hotel,,5,4,Great place,1,2025-07-31
User_31,user164@mail.com,Place_267,Street_2,hotel,hotel,,5,4,Nice service,2,2026-03-13
User_163,user7@mail.com,Place_60,Street_28,restaurant,restaurant,pizza;pasta;salad,,5,Amazing experience,5,2025-11-01
User_131,user3@mail.com,Place_134,Street_5,hotel,hotel,,3,4,Amazing experience,1,2025-08-20
User_168,user141@mail.com,Place_23,Street_12,restaurant,restaurant,pizza;pasta;salad,,3,Nice service,1,2025-10-29
User_146,user101@mail.com,Place_207,Street_45,restaurant,restaurant,pizza;pasta;salad,,3,Good food,2,2025-09-10
User_22,user100@mail.com,Place_263,Street_21,hotel,hotel,,5,4,Average,5,2026-02-20
User_64,user168@mail.com,Place_288,Street_34,hotel,hotel,,4,1,Good food,2,2025-10-17
User_49,user173@mail.com,Place_54,Street_9,restaurant,restaurant,pizza;pasta;salad,,5,Amazing experience,4,2025-04-07
User_13,user5@mail.com,Place_245,Street_22,hotel,hotel,,4,1,Good food,4,2025-05-30
User_53,user55@mail.com,Place_269,Street_1,hotel,hotel,,3,2,Great place,1,2025-10-28
User_21,user174@mail.com,Place_186,Street_31,hotel,hotel,,3,2,Nice service,2,2026-02-13
User_35,user91@mail.com,Place_259,Street_3,hotel,hotel,,5,3,Great place,4,2025-06-14
User_77,user57@mail.com,Place_61,Street_2,hotel,hotel,,4,3,Good food,3,2025-09-05
User_103,user15@mail.com,Place_187,Street_47,restaurant,restaurant,pizza;pasta;salad,,5,Amazing experience,2,2025-04-16
User_125,user140@mail.com,Place_189,Street_20,restaurant,restaurant,pizza;pasta;salad,,4,Nice service,4,2025-10-23
User_120,user34@mail.com,Place_116,Street_42,hotel,hotel,,3,2,Average,2,2026-01-14
User_131,user168@mail.com,Place_158,Street_36,restaurant,restaurant,pizza;pasta;salad,,4,Average,3,2026-02-12
User_78,user88@mail.com,Place_122,Street_8,hotel,hotel,,5,2,Good food,4,2026-02-05
User_144,user186@mail.com,Place_117,Street_23,hotel,hotel,,3,2,Nice service,3,2025-08-07
User_56,user105@mail.com,Place_269,Street_37,hotel,hotel,,3,5,Good food,1,2025-10-22
User_108,user49@mail.com,Place_292,Street_24,hotel,hotel,,3,2,Great place,1,2026-03-12
User_103,user163@mail.com,Place_95,Street_15,hotel,hotel,,4,5,Average,2,2025-12-24
User_133,user46@mail.com,Place_72,Street_49,hotel,hotel,,5,4,Amazing experience,5,2025-03-24
User_15,user167@mail.com,Place_100,Street_45,hotel,hotel,,3,2,Nice service,3,2025-07-30
User_180,user164@mail.com,Place_179,Street_40,hotel,hotel,,4,1,Average,2,2026-03-12
User_121,user105@mail.com,Place_154,Street_2,hotel,hotel,,3,2,Good food,2,2025-05-16
User_82,user103@mail.com,Place_193,Street_35,hotel,hotel,,4,2,Great place,5,2025-06-25
User_170,user11@mail.com,Place_187,Street_16,hotel,hotel,,3,2,Nice service,2,2026-03-11
User_176,user34@mail.com,Place_113,Street_33,hotel,hotel,,5,1,Amazing experience,2,2026-02-24
User_30,user127@mail.com,Place_56,Street_19,hotel,hotel,,4,3,Good food,5,2025-12-18
User_12,user143@mail.com,Place_246,Street_37,restaurant,restaurant,pizza;pasta;salad,,4,Average,5,2025-12-14
User_182,user189@mail.com,Place_284,Street_32,hotel,hotel,,3,4,Amazing experience,1,2025-05-24
User_141,user41@mail.com,Place_99,Street_9,hotel,hotel,,5,4,Good food,1,2025-06-23
User_99,user32@mail.com,Place_234,Street_32,restaurant,restaurant,pizza;pasta;salad,,2,Good food,3,2026-03-13
User_193,user5@mail.com,Place_66,Street_13,hotel,hotel,,4,5,Good food,1,2025-12-31
User_116,user7@mail.com,Place_162,Street_1,restaurant,restaurant,pizza;pasta;salad,,4,Amazing experience,2,2025-08-07
User_166,user178@mail.com,Place_285,Street_11,hotel,hotel,,4,2,Good food,4,2025-12-20
User_103,user168@mail.com,Place_224,Street_50,hotel,hotel,,4,2,Average,4,2026-03-10
User_151,user81@mail.com,Place_180,Street_36,restaurant,restaurant,pizza;pasta;salad,,5,Nice service,3,2025-10-21
User_137,user12@mail.com,Place_163,Street_38,hotel,hotel,,3,3,Good food,5,2025-07-15
User_12,user77@mail.com,Place_280,Street_1,hotel,hotel,,5,4,Amazing experience,5,2025-09-17
User_183,user14@mail.com,Place_217,Street_34,restaurant,restaurant,pizza;pasta;salad,,2,Good food,3,2025-07-01
User_12,user129@mail.com,Place_47,Street_19,hotel,hotel,,3,5,Great place,2,2025-09-24
User_60,user166@mail.com,Place_4,Street_6,restaurant,restaurant,pizza;pasta;salad,,5,Amazing experience,5,2025-06-19
User_188,user90@mail.com,Place_147,Street_12,hotel,hotel,,5,2,Good food,1,2025-06-10
User_12,user47@mail.com,Place_104,Street_29,hotel,hotel,,5,4,Average,3,2025-10-19
User_68,user49@mail.com,Place_231,Street_20,restaurant,restaurant,pizza;pasta;salad,,2,Good food,1,2025-06-17
User_32,user73@mail.com,Place_144,Street_18,hotel,hotel,,5,4,Average,1,2026-03-01
User_56,user167@mail.com,Place_55,Street_50,hotel,hotel,,4,3,Great place,3,2025-07-04
User_14,user12@mail.com,Place_251,Street_44,hotel,hotel,,4,3,Nice service,1,2025-05-07
User_120,user77@mail.com,Place_14,Street_3,restaurant,restaurant,pizza;pasta;salad,,4,Average,5,2025-07-28
User_119,user137@mail.com,Place_206,Street_3,restaurant,restaurant,pizza;pasta;salad,,4,Amazing experience,5,2026-03-06
User_168,user91@mail.com,Place_132,Street_3,restaurant,restaurant,pizza;pasta;salad,,5,Great place,5,2025-10-13
User_197,user92@mail.com,Place_59,Street_45,restaurant,restaurant,pizza;pasta;salad,,1,Nice service,3,2025-04-27
User_126,user112@mail.com,Place_253,Street_12,hotel,hotel,,5,4,Good food,2,2025-11-06
User_148,user77@mail.com,Place_180,Street_5,hotel,hotel,,4,2,Amazing experience,3,2025-08-29
User_49,user179@mail.com,Place_270,Street_41,restaurant,restaurant,pizza;pasta;salad,,3,Amazing experience,1,2026-02-13
User_199,user182@mail.com,Place_13,Street_24,restaurant,restaurant,pizza;pasta;salad,,4,Nice service,5,2025-09-13
User_6,user3@mail.com,Place_27,Street_7,restaurant,restaurant,pizza;pasta;salad,,2,Nice service,5,2025-09-08
User_140,user199@mail.com,Place_26,Street_4,hotel,hotel,,3,3,Amazing experience,4,2025-05-20
User_111,user23@mail.com,Place_40,Street_20,hotel,hotel,,3,5,Good food,3,2025-03-19
User_167,user29@mail.com,Place_188,Street_19,hotel,hotel,,4,2,Average,4,2025-09-27
User_190,user185@mail.com,Place_110,Street_2,restaurant,restaurant,pizza;pasta;salad,,2,Good food,2,2025-08-23
User_108,user124@mail.com,Place_288,Street_34,restaurant,restaurant,pizza;pasta;salad,,1,Great place,5,2026-02-18
User_176,user89@mail.com,Place_138,Street_13,restaurant,restaurant,pizza;pasta;salad,,5,Average,4,2025-11-07
User_21,user140@mail.com,Place_30,Street_1,restaurant,restaurant,pizza;pasta;salad,,2,Good food,3,2025-08-15
User_18,user187@mail.com,Place_161,Street_2,hotel,hotel,,4,4,Nice service,1,2025-04-19
User_143,user40@mail.com,Place_130,Street_40,restaurant,restaurant,pizza;pasta;salad,,3,Average,5,2025-11-29
User_31,user181@mail.com,Place_225,Street_11,restaurant,restaurant,pizza;pasta;salad,,3,Amazing experience,3,2025-09-11
User_43,user55@mail.com,Place_126,Street_31,restaurant,restaurant,pizza;pasta;salad,,1,Nice service,1,2026-01-25
User_153,user50@mail.com,Place_214,Street_23,restaurant,restaurant,pizza;pasta;salad,,2,Amazing experience,3,2025-11-17
User_32,user197@mail.com,Place_85,Street_41,restaurant,restaurant,pizza;pasta;salad,,1,Average,4,2025-06-16
User_31,user44@mail.com,Place_264,Street_34,hotel,hotel,,4,5,Great place,2,2025-09-15
User_148,user17@mail.com,Place_160,Street_8,restaurant,restaurant,pizza;pasta;salad,,1,Great place,2,2025-11-12
User_64,user60@mail.com,Place_157,Street_40,restaurant,restaurant,pizza;pasta;salad,,1,Average,3,2025-11-23
User_21,user187@mail.com,Place_51,Street_5,restaurant,restaurant,pizza;pasta;salad,,4,Good food,4,2025-05-07
User_147,user137@mail.com,Place_35,Street_28,hotel,hotel,,3,5,Good food,5,2025-04-19
User_40,user66@mail.com,Place_166,Street_21,restaurant,restaurant,pizza;pasta;salad,,2,Good food,1,2026-03-04
User_8,user86@mail.com,Place_66,Street_46,restaurant,restaurant,pizza;pasta;salad,,4,Average,4,2025-06-06
User_151,user18@mail.com,Place_240,Street_42,restaurant,restaurant,pizza;pasta;salad,,3,Average,5,2025-09-16
User_145,user9@mail.com,Place_213,Street_10,restaurant,restaurant,pizza;pasta;salad,,4,Average,1,2025-10-10
User_196,user197@mail.com,Place_215,Street_26,hotel,hotel,,4,4,Nice service,4,2025-11-04
User_5,user143@mail.com,Place_183,Street_34,restaurant,restaurant,pizza;pasta;salad,,2,Nice service,3,2025-12-08
User_17,user120@mail.com,Place_285,Street_22,hotel,hotel,,3,5,Good food,1,2025-08-07
User_75,user131@mail.com,Place_8,Street_17,restaurant,restaurant,pizza;pasta;salad,,1,Great place,1,2025-11-30
User_7,user127@mail.com,Place_21,Street_45,hotel,hotel,,4,4,Amazing experience,5,2025-05-16
User_126,user119@mail.com,Place_7,Street_25,hotel,hotel,,5,1,Average,2,2025-08-19
User_90,user155@mail.com,Place_32,Street_12,restaurant,restaurant,pizza;pasta;salad,,1,Amazing experience,3,2026-03-13
User_15,user56@mail.com,Place_61,Street_18,restaurant,restaurant,pizza;pasta;salad,,1,Average,4,2025-09-25
User_24,user20@mail.com,Place_12,Street_42,hotel,hotel,,3,5,Amazing experience,2,2025-10-16
User_12,user125@mail.com,Place_42,Street_19,hotel,hotel,,3,1,Nice service,4,2025-06-08
User_21,user50@mail.com,Place_250,Street_11,restaurant,restaurant,pizza;pasta;salad,,3,Great place,2,2026-03-10
User_76,user29@mail.com,Place_298,Street_47,hotel,hotel,,3,4,Great place,5,2026-01-19
User_143,user83@mail.com,Place_23,Street_13,hotel,hotel,,4,3,Good food,3,2025-08-05
User_133,user111@mail.com,Place_101,Street_42,hotel,hotel,,4,5,Nice service,1,2025-10-16
User_99,user49@mail.com,Place_270,Street_5,restaurant,restaurant,pizza;pasta;salad,,4,Good food,2,2025-03-28
User_11,user37@mail.com,Place_23,Street_7,restaurant,restaurant,pizza;pasta;salad,,2,Good food,4,2025-09-28
User_115,user137@mail.com,Place_227,Street_26,restaurant,restaurant,pizza;pasta;salad,,3,Nice service,2,2025-06-22
User_94,user159@mail.com,Place_99,Street_21,hotel,hotel,,4,1,Amazing experience,1,2025-07-25
User_170,user112@mail.com,Place_167,Street_12,hotel,hotel,,5,2,Nice service,3,2025-09-08
User_114,user188@mail.com,Place_159,Street_17,restaurant,restaurant,pizza;pasta;salad,,5,Nice service,1,2025-06-20
User_177,user112@mail.com,Place_236,Street_4,restaurant,restaurant,pizza;pasta;salad,,1,Average,1,2025-08-15
User_18,user23@mail.com,Place_160,Street_26,hotel,hotel,,4,3,Average,5,2025-12-17
User_197,user33@mail.com,Place_273,Street_10,hotel,hotel,,3,4,Great place,2,2025-12-18
User_164,user77@mail.com,Place_24,Street_50,hotel,hotel,,4,5,Nice service,4,2025-07-15
User_161,user121@mail.com,Place_44,Street_49,restaurant,restaurant,pizza;pasta;salad,,3,Great place,5,2025-07-04
User_176,user102@mail.com,Place_113,Street_15,hotel,hotel,,4,4,Nice service,5,2025-03-19
User_112,user187@mail.com,Place_66,Street_4,restaurant,restaurant,pizza;pasta;salad,,5,Average,4,2026-02-09
User_57,user192@mail.com,Place_52,Street_31,restaurant,restaurant,pizza;pasta;salad,,4,Good food,1,2025-10-06
User_159,user41@mail.com,Place_117,Street_44,restaurant,restaurant,pizza;pasta;salad,,1,Amazing experience,5,2025-07-05
User_98,user139@mail.com,Place_166,Street_8,restaurant,restaurant,pizza;pasta;salad,,1,Amazing experience,4,2025-04-19
User_5,user67@mail.com,Place_27,Street_31,restaurant,restaurant,pizza;pasta;salad,,5,Amazing experience,3,2026-03-10
User_47,user14@mail.com,Place_35,Street_48,restaurant,restaurant,pizza;pasta;salad,,3,Nice service,5,2025-12-20
User_80,user35@mail.com,Place_206,Street_46,hotel,hotel,,5,5,Nice service,1,2025-10-16
User_89,user145@mail.com,Place_154,Street_9,restaurant,restaurant,pizza;pasta;salad,,2,Great place,3,2026-02-09
User_151,user6@mail.com,Place_56,Street_41,hotel,hotel,,5,4,Great place,4,2026-02-26
User_122,user93@mail.com,Place_78,Street_20,restaurant,restaurant,pizza;pasta;salad,,4,Nice service,2,2026-02-14
User_93,user170@mail.com,Place_205,Street_6,hotel,hotel,,4,5,Amazing experience,1,2025-10-26
User_14,user81@mail.com,Place_131,Street_39,restaurant,restaurant,pizza;pasta;salad,,4,Great place,3,2025-12-24
User_171,user188@mail.com,Place_296,Street_32,restaurant,restaurant,pizza;pasta;salad,,3,Average,5,2025-03-17
User_60,user75@mail.com,Place_29,Street_28,hotel,hotel,,4,1,Good food,3,2026-02-16
User_72,user182@mail.com,Place_218,Street_41,hotel,hotel,,5,5,Average,3,2025-10-29
User_51,user174@mail.com,Place_33,Street_37,hotel,hotel,,4,2,Good food,5,2025-05-28
User_153,user196@mail.com,Place_37,Street_39,hotel,hotel,,5,5,Average,1,2026-02-08
User_19,user47@mail.com,Place_105,Street_7,restaurant,restaurant,pizza;pasta;salad,,1,Amazing experience,3,2025-11-22
User_147,user98@mail.com,Place_233,Street_18,restaurant,restaurant,pizza;pasta;salad,,5,Good food,1,2025-08-27
User_132,user99@mail.com,Place_68,Street_30,hotel,hotel,,3,2,Nice service,4,2025-08-10
User_124,user167@mail.com,Place_52,Street_28,restaurant,restaurant,pizza;pasta;salad,,4,Average,4,2025-10-21
User_74,user96@mail.com,Place_299,Street_44,hotel,hotel,,3,2,Good food,1,2025-12-09
User_123,user36@mail.com,Place_281,Street_19,restaurant,restaurant,pizza;pasta;salad,,2,Average,3,2025-03-27
User_85,user77@mail.com,Place_205,Street_27,restaurant,restaurant,pizza;pasta;salad,,2,Good food,2,2025-09-21
User_108,user38@mail.com,Place_113,Street_37,restaurant,restaurant,pizza;pasta;salad,,2,Good food,3,2026-01-27
User_31,user94@mail.com,Place_225,Street_35,hotel,hotel,,4,4,Good food,2,2025-08-13
User_16,user160@mail.com,Place_128,Street_22,restaurant,restaurant,pizza;pasta;salad,,2,Great place,1,2025-09-15
User_161,user47@mail.com,Place_160,Street_31,hotel,hotel,,3,3,Nice service,4,2025-09-02
User_186,user169@mail.com,Place_259,Street_25,restaurant,restaurant,pizza;pasta;salad,,2,Average,2,2025-08-11
User_176,user140@mail.com,Place_91,Street_50,hotel,hotel,,4,3,Great place,1,2025-05-15
User_95,user200@mail.com,Place_167,Street_3,hotel,hotel,,4,3,Great place,5,2025-11-06
User_81,user24@mail.com,Place_64,Street_15,restaurant,restaurant,pizza;pasta;salad,,5,Nice service,2,2026-03-01
User_165,user189@mail.com,Place_266,Street_26,restaurant,restaurant,pizza;pasta;salad,,3,Great place,1,2026-01-28
User_99,user161@mail.com,Place_213,Street_38,hotel,hotel,,5,3,Nice service,3,2025-05-07
User_36,user74@mail.com,Place_2,Street_39,restaurant,restaurant,pizza;pasta;salad,,4,Great place,2,2026-02-04
User_151,user38@mail.com,Place_7,Street_21,restaurant,restaurant,pizza;pasta;salad,,1,Amazing experience,5,2026-02-17
User_166,user189@mail.com,Place_163,Street_14,restaurant,restaurant,pizza;pasta;salad,,4,Great place,4,2025-08-17
User_15,user170@mail.com,Place_85,Street_14,hotel,hotel,,4,2,Good food,4,2025-12-01
User_73,user21@mail.com,Place_235,Street_13,hotel,hotel,,3,5,Average,2,2025-12-03
User_27,user41@mail.com,Place_91,Street_1,hotel,hotel,,5,2,Good food,3,2026-02-22
User_42,user119@mail.com,Place_5,Street_11,hotel,hotel,,3,1,Great place,2,2025-09-10
User_2,user108@mail.com,Place_267,Street_36,restaurant,restaurant,pizza;pasta;salad,,3,Nice service,5,2025-07-05
User_177,user17@mail.com,Place_27,Street_45,hotel,hotel,,4,2,Nice service,5,2026-01-01
User_93,user4@mail.com,Place_48,Street_13,restaurant,restaurant,pizza;pasta;salad,,4,Nice service,2,2025-07-13
User_98,user89@mail.com,Place_98,Street_44,hotel,hotel,,4,3,Great place,3,2026-01-10
User_189,user178@mail.com,Place_72,Street_20,hotel,hotel,,4,4,Good food,5,2025-10-08
User_176,user46@mail.com,Place_75,Street_24,hotel,hotel,,4,1,Nice service,5,2026-01-22
User_177,user76@mail.com,Place_44,Street_30,hotel,hotel,,3,2,Great place,5,2025-11-03
User_145,user88@mail.com,Place_79,Street_37,hotel,hotel,,4,3,Good food,4,2025-12-15
User_141,user176@mail.com,Place_18,Street_31,hotel,hotel,,5,3,Good food,5,2025-05-12
User_190,user72@mail.com,Place_32,Street_36,restaurant,restaurant,pizza;pasta;salad,,4,Great place,1,2025-08-06
User_190,user158@mail.com,Place_267,Street_16,hotel,hotel,,5,2,Nice service,5,2025-11-13
User_52,user115@mail.com,Place_183,Street_49,restaurant,restaurant,pizza;pasta;salad,,3,Great place,2,2025-11-18
User_57,user135@mail.com,Place_267,Street_14,hotel,hotel,,5,1,Nice service,5,2025-10-26
User_18,user16@mail.com,Place_285,Street_33,restaurant,restaurant,pizza;pasta;salad,,4,Average,3,2025-06-29
User_2,user119@mail.com,Place_27,Street_27,restaurant,restaurant,pizza;pasta;salad,,4,Good food,2,2026-02-05
User_133,user106@mail.com,Place_199,Street_19,hotel,hotel,,3,4,Good food,2,2025-11-24
User_171,user3@mail.com,Place_109,Street_42,restaurant,restaurant,pizza;pasta;salad,,1,Nice service,5,2025-10-31
User_90,user196@mail.com,Place_202,Street_41,restaurant,restaurant,pizza;pasta;salad,,1,Nice service,4,2026-03-15
User_30,user98@mail.com,Place_5,Street_13,hotel,hotel,,3,3,Average,2,2026-03-01
User_152,user82@mail.com,Place_195,Street_12,hotel,hotel,,5,3,Nice service,2,2025-04-26
User_47,user21@mail.com,Place_48,Street_9,hotel,hotel,,3,4,Great place,2,2025-06-20
User_87,user66@mail.com,Place_187,Street_21,restaurant,restaurant,pizza;pasta;salad,,4,Amazing experience,1,2025-12-19
User_57,user51@mail.com,Place_198,Street_20,hotel,hotel,,4,4,Amazing experience,1,2026-02-12
User_120,user178@mail.com,Place_34,Street_34,restaurant,restaurant,pizza;pasta;salad,,2,Amazing experience,3,2025-06-25
User_6,user24@mail.com,Place_119,Street_33,restaurant,restaurant,pizza;pasta;salad,,1,Amazing experience,4,2025-04-21
User_172,user109@mail.com,Place_186,Street_46,hotel,hotel,,5,1,Average,2,2025-12-02
User_128,user13@mail.com,Place_241,Street_11,hotel,hotel,,5,3,Nice service,2,2026-01-14
User_19,user112@mail.com,Place_251,Street_2,restaurant,restaurant,pizza;pasta;salad,,2,Amazing experience,3,2025-05-10
User_170,user137@mail.com,Place_257,Street_47,hotel,hotel,,3,3,Great place,4,2025-05-02
User_172,user62@mail.com,Place_17,Street_13,hotel,hotel,,3,4,Amazing experience,4,2025-10-25
User_84,user101@mail.com,Place_270,Street_23,restaurant,restaurant,pizza;pasta;salad,,2,Average,4,2025-11-15
User_10,user67@mail.com,Place_6,Street_46,restaurant,restaurant,pizza;pasta;salad,,1,Great place,5,2025-11-07
User_75,user92@mail.com,Place_300,Street_2,restaurant,restaurant,pizza;pasta;salad,,1,Average,3,2026-01-07
User_63,user83@mail.com,Place_270,Street_22,hotel,hotel,,5,2,Nice service,5,2025-04-07
User_195,user37@mail.com,Place_162,Street_45,restaurant,restaurant,pizza;pasta;salad,,3,Amazing experience,1,2025-07-20
User_188,user82@mail.com,Place_33,Street_48,restaurant,restaurant,pizza;pasta;salad,,5,Good food,3,2025-10-28
User_49,user197@mail.com,Place_19,Street_11,hotel,hotel,,3,2,Good food,3,2026-01-12
User_92,user77@mail.com,Place_207,Street_27,restaurant,restaurant,pizza;pasta;salad,,2,Great place,4,2026-01-28
User_111,user57@mail.com,Place_236,Street_49,restaurant,restaurant,pizza;pasta;salad,,4,Good food,3,2026-01-03
User_175,user122@mail.com,Place_90,Street_12,restaurant,restaurant,pizza;pasta;salad,,1,Good food,5,2025-12-08
User_4,user100@mail.com,Place_178,Street_20,hotel,hotel,,5,5,Average,2,2025-05-08
User_48,user55@mail.com,Place_133,Street_4,hotel,hotel,,4,1,Amazing experience,3,2025-05-29
User_91,user144@mail.com,Place_175,Street_19,hotel,hotel,,4,5,Nice service,1,2025-05-08
User_30,user145@mail.com,Place_160,Street_4,hotel,hotel,,5,2,Amazing experience,2,2025-10-29
User_53,user91@mail.com,Place_107,Street_22,hotel,hotel,,3,3,Nice service,2,2026-01-26
User_4,user1@mail.com,Place_218,Street_40,restaurant,restaurant,pizza;pasta;salad,,2,Great place,4,2025-12-14
User_70,user127@mail.com,Place_264,Street_44,hotel,hotel,,3,5,Great place,2,2025-12-03
User_129,user166@mail.com,Place_61,Street_6,hotel,hotel,,4,4,Nice service,5,2025-06-10
User_90,user131@mail.com,Place_250,Street_6,hotel,hotel,,5,4,Great place,5,2025-05-01
User_80,user192@mail.com,Place_124,Street_31,restaurant,restaurant,pizza;pasta;salad,,1,Nice service,2,2026-02-19
User_119,user143@mail.com,Place_210,Street_24,restaurant,restaurant,pizza;pasta;salad,,1,Great place,5,2025-04-13
User_198,user70@mail.com,Place_169,Street_47,hotel,hotel,,4,1,Amazing experience,4,2026-01-03
User_91,user30@mail.com,Place_242,Street_38,hotel,hotel,,3,2,Nice service,5,2025-12-17
User_141,user33@mail.com,Place_151,Street_33,restaurant,restaurant,pizza;pasta;salad,,2,Great place,3,2026-01-05
User_103,user8@mail.com,Place_98,Street_5,hotel,hotel,,3,4,Average,2,2025-08-06
User_170,user136@mail.com,Place_113,Street_2,restaurant,restaurant,pizza;pasta;salad,,3,Good food,1,2025-09-27
User_37,user162@mail.com,Place_18,Street_28,hotel,hotel,,4,3,Amazing experience,5,2025-09-18
User_25,user185@mail.com,Place_74,Street_36,restaurant,restaurant,pizza;pasta;salad,,3,Great place,5,2025-09-18
User_23,user115@mail.com,Place_6,Street_48,restaurant,restaurant,pizza;pasta;salad,,2,Amazing experience,3,2025-04-21
User_188,user77@mail.com,Place_220,Street_31,hotel,hotel,,4,5,Great place,1,2025-03-17
User_109,user71@mail.com,Place_171,Street_37,hotel,hotel,,3,2,Nice service,3,2025-04-01
User_159,user18@mail.com,Place_171,Street_33,hotel,hotel,,5,3,Great place,4,2025-07-15
User_130,user182@mail.com,Place_78,Street_11,hotel,hotel,,5,5,Nice service,3,2025-05-22
User_150,user56@mail.com,Place_289,Street_14,restaurant,restaurant,pizza;pasta;salad,,3,Nice service,2,2025-11-20
User_159,user132@mail.com,Place_237,Street_12,restaurant,restaurant,pizza;pasta;salad,,4,Good food,5,2025-06-07
User_28,user54@mail.com,Place_289,Street_24,restaurant,restaurant,pizza;pasta;salad,,3,Good food,5,2025-04-20
User_37,user85@mail.com,Place_110,Street_50,hotel,hotel,,4,3,Nice service,3,2026-01-08
User_122,user115@mail.com,Place_51,Street_36,restaurant,restaurant,pizza;pasta;salad,,5,Average,1,2025-11-23
User_198,user80@mail.com,Place_190,Street_14,restaurant,restaurant,pizza;pasta;salad,,4,Amazing experience,3,2025-06-20
User_158,user122@mail.com,Place_110,Street_50,hotel,hotel,,4,1,Average,1,2026-01-06
User_114,user61@mail.com,Place_15,Street_20,restaurant,restaurant,pizza;pasta;salad,,2,Average,1,2026-02-17
User_74,user1@mail.com,Place_69,Street_36,hotel,hotel,,4,5,Nice service,1,2025-06-29
User_50,user110@mail.com,Place_230,Street_43,restaurant,restaurant,pizza;pasta;salad,,5,Good food,1,2025-05-28
User_52,user184@mail.com,Place_84,Street_36,restaurant,restaurant,pizza;pasta;salad,,4,Great place,4,2026-01-30
User_130,user6@mail.com,Place_190,Street_11,restaurant,restaurant,pizza;pasta;salad,,2,Nice service,3,2025-05-06
User_191,user154@mail.com,Place_22,Street_39,restaurant,restaurant,pizza;pasta;salad,,2,Average,4,2025-03-19
User_71,user2@mail.com,Place_190,Street_28,hotel,hotel,,5,3,Good food,4,2025-11-19
User_55,user195@mail.com,Place_32,Street_38,restaurant,restaurant,pizza;pasta;salad,,5,Great place,3,2025-11-10
User_61,user94@mail.com,Place_189,Street_41,restaurant,restaurant,pizza;pasta;salad,,1,Amazing experience,4,2025-04-15
User_74,user193@mail.com,Place_256,Street_17,restaurant,restaurant,pizza;pasta;salad,,5,Great place,3,2025-10-20
User_183,user160@mail.com,Place_278,Street_9,restaurant,restaurant,pizza;pasta;salad,,1,Average,4,2025-10-11
User_169,user5@mail.com,Place_299,Street_25,hotel,hotel,,3,2,Great place,5,2025-11-09
User_2,user161@mail.com,Place_150,Street_35,restaurant,restaurant,pizza;pasta;salad,,3,Good food,1,2025-07-30
User_11,user79@mail.com,Place_258,Street_45,hotel,hotel,,4,5,Nice service,3,2026-01-20
User_54,user159@mail.com,Place_6,Street_7,restaurant,restaurant,pizza;pasta;salad,,5,Good food,4,2025-10-26
User_152,user12@mail.com,Place_139,Street_29,restaurant,restaurant,pizza;pasta;salad,,1,Nice service,2,2025-05-26
User_90,user168@mail.com,Place_195,Street_17,restaurant,restaurant,pizza;pasta;salad,,3,Good food,3,2026-01-14
User_47,user76@mail.com,Place_76,Street_22,hotel,hotel,,4,3,Average,3,2025-10-02
User_148,user50@mail.com,Place_161,Street_46,hotel,hotel,,5,3,Average,3,2025-11-23
User_27,user169@mail.com,Place_124,Street_31,restaurant,restaurant,pizza;pasta;salad,,5,Amazing experience,2,2025-09-21
User_2,user140@mail.com,Place_293,Street_45,restaurant,restaurant,pizza;pasta;salad,,3,Good food,4,2025-10-07
User_31,user94@mail.com,Place_298,Street_18,hotel,hotel,,4,1,Amazing experience,2,2025-03-23
User_29,user151@mail.com,Place_194,Street_6,hotel,hotel,,4,1,Great place,5,2025-05-08
User_8,user11@mail.com,Place_253,Street_11,restaurant,restaurant,pizza;pasta;salad,,2,Nice service,4,2025-09-27
User_65,user75@mail.com,Place_228,Street_16,hotel,hotel,,5,2,Great place,2,2025-04-29
User_117,user94@mail.com,Place_47,Street_29,restaurant,restaurant,pizza;pasta;salad,,1,Good food,2,2025-05-12
User_197,user10@mail.com,Place_293,Street_46,hotel,hotel,,5,1,Nice service,3,2026-02-08
User_82,user54@mail.com,Place_294,Street_38,restaurant,restaurant,pizza;pasta;salad,,2,Nice service,1,2025-09-29
User_11,user92@mail.com,Place_136,Street_15,hotel,hotel,,4,2,Good food,1,2026-01-11
User_73,user64@mail.com,Place_87,Street_5,restaurant,restaurant,pizza;pasta;salad,,3,Great place,4,2025-12-27
User_142,user145@mail.com,Place_168,Street_45,restaurant,restaurant,pizza;pasta;salad,,5,Great place,2,2025-07-07
User_169,user32@mail.com,Place_274,Street_31,hotel,hotel,,3,4,Average,3,2026-01-24
User_132,user80@mail.com,Place_191,Street_45,hotel,hotel,,4,1,Amazing experience,2,2025-08-25
User_197,user90@mail.com,Place_138,Street_39,restaurant,restaurant,pizza;pasta;salad,,4,Good food,5,2025-05-03
User_153,user128@mail.com,Place_298,Street_29,restaurant,restaurant,pizza;pasta;salad,,2,Nice service,2,2025-11-17
User_87,user30@mail.com,Place_116,Street_26,hotel,hotel,,4,5,Average,3,2025-06-29
User_174,user66@mail.com,Place_102,Street_40,restaurant,restaurant,pizza;pasta;salad,,5,Amazing experience,5,2025-09-07
User_158,user18@mail.com,Place_186,Street_45,hotel,hotel,,5,3,Amazing experience,4,2025-12-03
User_144,user131@mail.com,Place_159,Street_4,hotel,hotel,,4,5,Amazing experience,3,2025-06-25
User_60,user17@mail.com,Place_60,Street_23,hotel,hotel,,3,5,Good food,1,2025-07-14
User_98,user141@mail.com,Place_20,Street_44,hotel,hotel,,4,2,Average,1,2026-02-04
User_119,user9@mail.com,Place_108,Street_18,hotel,hotel,,3,1,Amazing experience,1,2025-04-10
User_84,user89@mail.com,Place_52,Street_11,hotel,hotel,,5,2,Great place,1,2025-09-25
User_196,user88@mail.com,Place_101,Street_41,restaurant,restaurant,pizza;pasta;salad,,4,Amazing experience,3,2025-12-08
User_69,user105@mail.com,Place_87,Street_26,hotel,hotel,,5,3,Nice service,2,2025-08-05
User_192,user178@mail.com,Place_139,Street_3,restaurant,restaurant,pizza;pasta;salad,,2,Amazing experience,4,2025-06-28
User_158,user31@mail.com,Place_173,Street_9,restaurant,restaurant,pizza;pasta;salad,,4,Great place,3,2026-02-05
User_131,user53@mail.com,Place_221,Street_4,hotel,hotel,,5,1,Nice service,3,2025-04-04
User_81,user100@mail.com,Place_198,Street_23,restaurant,restaurant,pizza;pasta;salad,,4,Nice service,2,2025-03-29
User_20,user10@mail.com,Place_99,Street_23,restaurant,restaurant,pizza;pasta;salad,,4,Amazing experience,2,2025-12-15
User_65,user97@mail.com,Place_67,Street_13,hotel,hotel,,3,3,Amazing experience,3,2025-11-02
User_22,user168@mail.com,Place_28,Street_24,hotel,hotel,,3,4,Amazing experience,3,2025-09-03
User_2,user168@mail.com,Place_124,Street_10,restaurant,restaurant,pizza;pasta;salad,,5,Amazing experience,1,2025-09-07
User_97,user60@mail.com,Place_164,Street_7,hotel,hotel,,3,4,Good food,1,2026-03-08
User_180,user132@mail.com,Place_79,Street_4,hotel,hotel,,5,5,Amazing experience,3,2026-02-03
User_182,user30@mail.com,Place_23,Street_11,hotel,hotel,,4,3,Great place,5,2025-10-28
User_127,user134@mail.com,Place_272,Street_2,restaurant,restaurant,pizza;pasta;salad,,2,Nice service,2,2026-01-01
User_47,user197@mail.com,Place_158,Street_15,restaurant,restaurant,pizza;pasta;salad,,1,Amazing experience,3,2025-11-05
User_169,user19@mail.com,Place_83,Street_6,hotel,hotel,,5,5,Average,4,2025-07-12
User_39,user164@mail.com,Place_52,Street_11,hotel,hotel,,5,4,Great place,2,2025-09-22
User_196,user137@mail.com,Place_103,Street_42,restaurant,restaurant,pizza;pasta;salad,,2,Average,1,2025-04-25
User_192,user7@mail.com,Place_117,Street_40,restaurant,restaurant,pizza;pasta;salad,,2,Average,4,2025-12-29
User_49,user139@mail.com,Place_208,Street_8,hotel,hotel,,3,3,Great place,3,2025-04-16
User_14,user147@mail.com,Place_120,Street_46,hotel,hotel,,3,4,Nice service,3,2025-11-04
User_110,user97@mail.com,Place_220,Street_26,restaurant,restaurant,pizza;pasta;salad,,1,Great place,2,2025-03-21
User_46,user109@mail.com,Place_41,Street_31,hotel,hotel,,5,5,Average,2,2026-01-13
User_29,user69@mail.com,Place_15,Street_11,restaurant,restaurant,pizza;pasta;salad,,5,Average,1,2025-05-31
User_176,user83@mail.com,Place_271,Street_32,hotel,hotel,,4,1,Good food,3,2025-09-17
User_39,user161@mail.com,Place_25,Street_45,restaurant,restaurant,pizza;pasta;salad,,1,Great place,3,2025-09-12
User_142,user77@mail.com,Place_284,Street_33,restaurant,restaurant,pizza;pasta;salad,,2,Nice service,4,2025-04-21
User_146,user177@mail.com,Place_41,Street_2,restaurant,restaurant,pizza;pasta;salad,,5,Nice service,5,2025-07-10
User_54,user200@mail.com,Place_239,Street_5,hotel,hotel,,3,1,Great place,5,2025-07-29
User_84,user37@mail.com,Place_185,Street_30,restaurant,restaurant,pizza;pasta;salad,,5,Amazing experience,5,2025-05-11
User_177,user75@mail.com,Place_45,Street_3,hotel,hotel,,3,4,Nice service,3,2025-10-15
User_90,user78@mail.com,Place_266,Street_14,restaurant,restaurant,pizza;pasta;salad,,1,Average,2,2025-05-02
User_172,user72@mail.com,Place_145,Street_46,restaurant,restaurant,pizza;pasta;salad,,1,Good food,1,2025-11-13
User_125,user24@mail.com,Place_212,Street_33,restaurant,restaurant,pizza;pasta;salad,,3,Average,1,2025-10-15
User_109,user18@mail.com,Place_253,Street_24,restaurant,restaurant,pizza;pasta;salad,,1,Average,5,2026-02-17
User_146,user2@mail.com,Place_99,Street_9,restaurant,restaurant,pizza;pasta;salad,,1,Average,5,2026-03-01
User_93,user146@mail.com,Place_26,Street_6,hotel,hotel,,4,1,Good food,2,2025-07-06
User_41,user18@mail.com,Place_295,Street_17,hotel,hotel,,4,3,Good food,3,2026-02-01
User_64,user7@mail.com,Place_118,Street_12,hotel,hotel,,3,3,Nice service,1,2025-08-31
User_90,user88@mail.com,Place_181,Street_42,restaurant,restaurant,pizza;pasta;salad,,1,Good food,4,2026-02-28
User_48,user115@mail.com,Place_153,Street_33,restaurant,restaurant,pizza;pasta;salad,,5,Good food,3,2026-02-24
User_174,user125@mail.com,Place_19,Street_39,hotel,hotel,,4,5,Average,2,2026-02-19
User_168,user117@mail.com,Place_47,Street_42,hotel,hotel,,5,2,Nice service,2,2025-11-06
User_29,user78@mail.com,Place_155,Street_37,hotel,hotel,,3,5,Good food,1,2025-10-09
User_56,user115@mail.com,Place_180,Street_29,restaurant,restaurant,pizza;pasta;salad,,5,Amazing experience,3,2025-09-21
User_71,user103@mail.com,Place_94,Street_17,hotel,hotel,,3,5,Nice service,4,2025-07-28
User_47,user39@mail.com,Place_253,Street_3,restaurant,restaurant,pizza;pasta;salad,,1,Amazing experience,4,2025-08-09
User_5,user85@mail.com,Place_19,Street_6,hotel,hotel,,3,1,Great place,4,2025-07-10
User_157,user125@mail.com,Place_267,Street_18,hotel,hotel,,3,5,Good food,3,2025-05-28
User_131,user190@mail.com,Place_3,Street_10,restaurant,restaurant,pizza;pasta;salad,,4,Nice service,4,2025-05-05
User_24,user8@mail.com,Place_82,Street_50,restaurant,restaurant,pizza;pasta;salad,,2,Average,2,2025-04-23
User_161,user94@mail.com,Place_86,Street_16,hotel,hotel,,5,2,Amazing experience,3,2025-12-18
User_136,user119@mail.com,Place_26,Street_19,hotel,hotel,,3,3,Nice service,4,2025-04-25
User_29,user101@mail.com,Place_227,Street_46,hotel,hotel,,4,5,Average,3,2025-05-03
User_200,user27@mail.com,Place_17,Street_31,hotel,hotel,,4,2,Great place,5,2025-12-30
User_15,user118@mail.com,Place_10,Street_10,restaurant,restaurant,pizza;pasta;salad,,2,Great place,4,2026-03-11
User_13,user95@mail.com,Place_73,Street_19,restaurant,restaurant,pizza;pasta;salad,,2,Average,2,2025-12-11
User_157,user171@mail.com,Place_118,Street_15,hotel,hotel,,3,2,Amazing experience,4,2026-01-03
User_4,user182@mail.com,Place_85,Street_1,hotel,hotel,,5,4,Great place,4,2025-06-10
User_124,user75@mail.com,Place_70,Street_30,hotel,hotel,,5,3,Good food,3,2025-09-22
User_162,user189@mail.com,Place_191,Street_24,hotel,hotel,,4,3,Good food,4,2025-08-22
User_34,user118@mail.com,Place_11,Street_32,restaurant,restaurant,pizza;pasta;salad,,3,Great place,5,2025-12-10
User_69,user97@mail.com,Place_146,Street_6,restaurant,restaurant,pizza;pasta;salad,,1,Good food,4,2025-07-06
User_82,user109@mail.com,Place_28,Street_24,hotel,hotel,,3,3,Average,4,2025-08-16
User_77,user70@mail.com,Place_156,Street_47,restaurant,restaurant,pizza;pasta;salad,,3,Average,2,2025-08-29
User_73,user200@mail.com,Place_104,Street_18,hotel,hotel,,3,3,Amazing experience,3,2025-07-18
User_39,user115@mail.com,Place_90,Street_2,restaurant,restaurant,pizza;pasta;salad,,4,Amazing experience,2,2025-04-26
User_98,user43@mail.com,Place_72,Street_18,hotel,hotel,,4,1,Amazing experience,1,2025-11-03
User_39,user114@mail.com,Place_130,Street_3,hotel,hotel,,4,3,Great place,5,2026-02-22
User_96,user63@mail.com,Place_90,Street_17,restaurant,restaurant,pizza;pasta;salad,,2,Amazing experience,2,2025-09-09
User_146,user150@mail.com,Place_262,Street_3,hotel,hotel,,4,2,Good food,4,2025-07-07
User_147,user22@mail.com,Place_5,Street_34,hotel,hotel,,4,4,Good food,3,2025-10-24
User_196,user49@mail.com,Place_228,Street_10,hotel,hotel,,4,4,Amazing experience,4,2026-01-14
User_83,user169@mail.com,Place_279,Street_37,hotel,hotel,,4,5,Good food,4,2025-09-16
User_149,user143@mail.com,Place_7,Street_27,restaurant,restaurant,pizza;pasta;salad,,4,Amazing experience,2,2025-04-02
User_106,user34@mail.com,Place_81,Street_8,hotel,hotel,,3,1,Good food,3,2025-08-25
User_150,user145@mail.com,Place_198,Street_3,restaurant,restaurant,pizza;pasta;salad,,1,Amazing experience,3,2025-10-21
User_110,user172@mail.com,Place_179,Street_5,hotel,hotel,,4,4,Great place,3,2025-07-11
User_104,user3@mail.com,Place_141,Street_11,hotel,hotel,,4,2,Good food,1,2025-11-01
User_178,user111@mail.com,Place_269,Street_40,restaurant,restaurant,pizza;pasta;salad,,5,Great place,4,2025-12-25
User_47,user107@mail.com,Place_230,Street_30,hotel,hotel,,5,3,Good food,5,2025-05-14
User_192,user177@mail.com,Place_103,Street_37,restaurant,restaurant,pizza;pasta;salad,,4,Amazing experience,5,2025-09-12
User_60,user192@mail.com,Place_276,Street_39,restaurant,restaurant,pizza;pasta;salad,,2,Great place,4,2025-12-01
User_8,user107@mail.com,Place_295,Street_28,restaurant,restaurant,pizza;pasta;salad,,5,Average,1,2025-04-30
User_197,user19@mail.com,Place_91,Street_25,restaurant,restaurant,pizza;pasta;salad,,2,Nice service,1,2025-04-16
User_95,user45@mail.com,Place_252,Street_24,hotel,hotel,,5,4,Great place,2,2025-03-17
User_109,user46@mail.com,Place_56,Street_7,hotel,hotel,,4,4,Nice service,2,2025-08-15
User_9,user126@mail.com,Place_291,Street_27,restaurant,restaurant,pizza;pasta;salad,,5,Great place,1,2025-04-27
User_40,user176@mail.com,Place_247,Street_38,hotel,hotel,,3,5,Average,5,2025-10-22
User_189,user200@mail.com,Place_234,Street_25,hotel,hotel,,5,3,Average,1,2025-06-20
User_155,user14@mail.com,Place_298,Street_43,hotel,hotel,,4,1,Nice service,4,2025-04-29
User_64,user56@mail.com,Place_18,Street_33,hotel,hotel,,4,2,Average,5,2025-10-01
User_23,user95@mail.com,Place_216,Street_5,hotel,hotel,,4,2,Average,1,2025-08-07
User_5,user32@mail.com,Place_92,Street_34,restaurant,restaurant,pizza;pasta;salad,,4,Average,2,2025-03-20
User_68,user75@mail.com,Place_65,Street_44,hotel,hotel,,3,2,Amazing experience,1,2025-10-14
User_102,user161@mail.com,Place_136,Street_30,hotel,hotel,,5,4,Great place,4,2025-04-17
User_114,user14@mail.com,Place_5,Street_29,hotel,hotel,,4,1,Average,1,2025-10-04
User_126,user125@mail.com,Place_96,Street_39,restaurant,restaurant,pizza;pasta;salad,,2,Average,5,2025-03-31
User_9,user190@mail.com,Place_121,Street_40,hotel,hotel,,5,3,Nice service,2,2025-11-13
User_188,user71@mail.com,Place_260,Street_21,hotel,hotel,,4,3,Good food,4,2025-10-11
User_134,user166@mail.com,Place_124,Street_27,restaurant,restaurant,pizza;pasta;salad,,5,Good food,3,2025-07-16
User_6,user98@mail.com,Place_214,Street_12,restaurant,restaurant,pizza;pasta;salad,,2,Good food,3,2026-03-08
User_31,user85@mail.com,Place_187,Street_26,hotel,hotel,,4,2,Good food,3,2025-11-28
User_55,user198@mail.com,Place_107,Street_42,hotel,hotel,,4,5,Great place,2,2025-09-05
User_135,user70@mail.com,Place_78,Street_46,restaurant,restaurant,pizza;pasta;salad,,3,Nice service,3,2025-11-16
User_42,user150@mail.com,Place_81,Street_15,restaurant,restaurant,pizza;pasta;salad,,3,Nice service,3,2025-03-21
User_154,user156@mail.com,Place_82,Street_12,restaurant,restaurant,pizza;pasta;salad,,2,Nice service,4,2026-02-01
User_73,user95@mail.com,Place_215,Street_8,hotel,hotel,,4,1,Good food,4,2025-10-15
User_3,user44@mail.com,Place_159,Street_21,hotel,hotel,,5,1,Good food,2,2026-01-26
User_94,user66@mail.com,Place_116,Street_8,hotel,hotel,,3,1,Nice service,1,2025-12-15
User_187,user50@mail.com,Place_38,Street_22,restaurant,restaurant,pizza;pasta;salad,,5,Amazing experience,4,2025-06-02
User_95,user13@mail.com,Place_155,Street_30,restaurant,restaurant,pizza;pasta;salad,,5,Great place,3,2025-08-15
User_92,user75@mail.com,Place_148,Street_10,restaurant,restaurant,pizza;pasta;salad,,5,Nice service,3,2025-12-18
User_121,user18@mail.com,Place_206,Street_6,restaurant,restaurant,pizza;pasta;salad,,3,Great place,2,2025-03-27
User_85,user46@mail.com,Place_145,Street_46,hotel,hotel,,4,5,Great place,2,2025-12-02
User_68,user184@mail.com,Place_24,Street_42,hotel,hotel,,3,2,Nice service,3,2025-05-21
User_79,user178@mail.com,Place_286,Street_30,restaurant,restaurant,pizza;pasta;salad,,1,Amazing experience,2,2025-04-21
User_21,user4@mail.com,Place_279,Street_14,hotel,hotel,,5,1,Average,3,2025-12-05
